sgRNA_Target,Protospacer,PAM,Chromosome,Start,End,Strand,EnsemblGeneID,HGNC,CommonestIndelFrequency,TotalNumberOfIndels,PrecisionGroup
ACTL6A.6,ATAATACAACAGTGGAACGGAGG,AGG,chr3,179304359,179304381,+,ENSG00000136518,ACTL6A,0.4,10,M
ACTR5.6,GCAGCCTGGAGCCACTGCGCTGG,TGG,chr20,37377375,37377397,+,ENSG00000101442,ACTR5,0.25,20,I
ACTR5.7,GAGCGCAGCATCCAGCGCAGTGG,TGG,chr20,37377386,37377408,-,ENSG00000101442,ACTR5,0.15,40,I
ACTR6.2,GGAGCTTACAACGCCAAAATCGG,CGG,chr12,100594654,100594676,+,ENSG00000075089,ACTR6,0.71,17,P
ACTR8.5,GGGTGATACGGAGAACGGAAAGG,AGG,chr3,53916089,53916111,-,ENSG00000113812,ACTR8,0.29,75,M
ACTR8.6,GTACAGCTCCATCCTAGTGGTGG,TGG,chr3,53904125,53904147,-,ENSG00000113812,ACTR8,0.13,54,I
ACTR8.7,GAGAACGGAAAGGAGAAGGGCGG,CGG,chr3,53916079,53916101,-,ENSG00000113812,ACTR8,0.25,24,I
APTX.7,GAGGAAGAGGCAAAGAACCCTGG,TGG,chr9,32987702,32987724,-,ENSG00000137074,APTX,0.1,10,I
ARID1B.7,CCGGTGCTGAAGACTTCCGGCGG,CGG,chr6,157505506,157505528,-,ENSG00000049618,ARID1B,0.47,17,M
ARID2.6,GCAGTCTCCATTACACACAGTGG,TGG,chr12,46244219,46244241,+,ENSG00000189079,ARID2,0.57,61,P
ARID2.7,GGAGCCACAAACACCAGCAATGG,TGG,chr12,46245726,46245748,+,ENSG00000189079,ARID2,0.17,30,I
ARID3A.6,CAGGAAGCCCAAATGGGAGGAGG,AGG,chr19,932415,932437,+,ENSG00000116017,ARID3A,0.21,14,I
ARID3A.7,GGAGATGGAGGAAGACCTCGGGG,GGG,chr19,932439,932461,+,ENSG00000116017,ARID3A,0.5,10,M
ARID3B.6,AAGATCAGGATCAACGGCAGGGG,GGG,chr15,74884134,74884156,+,ENSG00000179361,ARID3B,0.12,16,I
ARID4A.5,TCGGTACTTGGCACTGACATCGG,CGG,chr14,58768332,58768354,-,ENSG00000032219,ARID4A,0.16,50,I
ARID4A.6,GTGTGGTGTCTGCAACGGAGAGG,AGG,chr14,58790292,58790314,+,ENSG00000032219,ARID4A,0.38,24,M
ARID4B.6,ACTGGCTCCAAACCAAGAAGAGG,AGG,chr1,235345062,235345084,-,ENSG00000054267,ARID4B,0.29,87,M
ARID4B.7,AGAGTGAAAGATGCTCAGGGAGG,AGG,chr1,235341189,235341211,-,ENSG00000054267,ARID4B,0.57,14,P
ARID5A.1,GTCTAGGGCGTCACCCTCCGTGG,TGG,chr2,97213169,97213191,-,ENSG00000196843,ARID5A,0.19,48,I
ARID5A.5,AACAGGAAGCAGTCCACGGAGGG,GGG,chr2,97213156,97213178,+,ENSG00000196843,ARID5A,0.48,21,M
ARID5A.6,GTGGAAGATCTACAAAGCAGTGG,TGG,chr2,97215497,97215519,+,ENSG00000196843,ARID5A,0.18,107,I
ARID5A.7,AAGATGGCTAAGGAGAACAGGGG,GGG,chr2,97216390,97216412,+,ENSG00000196843,ARID5A,0.22,65,I
ARID5B.1,GCTGGATAAAAGTTGCCGGCTGG,TGG,chr10,63662090,63662112,-,ENSG00000150347,ARID5B,0.33,18,M
ARID5B.6,GATTCCAACAACAATTCCGATGG,TGG,chr10,63810721,63810743,+,ENSG00000150347,ARID5B,0.36,44,M
ARID5B.7,GAATGACCGTACCTTGGCAACGG,CGG,chr10,63810749,63810771,-,ENSG00000150347,ARID5B,0.47,15,M
ARRB1.5,TGAGATACTCAGGATCCACCAGG,AGG,chr11,74995291,74995313,+,ENSG00000137486,ARRB1,0.69,16,P
ASF1A.5,AAGGTGATCTCGAACTGGAACGG,CGG,chr6,119215638,119215660,-,ENSG00000111875,ASF1A,0.46,13,M
ASF1B.5,CAAGGTGTCGGTGCTGAACGTGG,TGG,chr19,14247241,14247263,-,ENSG00000105011,ASF1B,0.52,25,P
ASF1B.6,GAGGACCACAGTCACACCCACGG,CGG,chr19,14232458,14232480,+,ENSG00000105011,ASF1B,0.24,21,I
ASH1L.6,GGAGCCACTGACAGTACAGGTGG,TGG,chr1,155449926,155449948,+,ENSG00000116539,ASH1L,0.15,26,I
ASH1L.7,GATAGGACTGACGGACCGGGTGG,TGG,chr1,155313465,155313487,+,ENSG00000116539,ASH1L,0.4,10,M
ATAD2B.5,GGCCTCATCCAGAGTGACGCCGG,CGG,chr2,24149428,24149450,+,ENSG00000119778,ATAD2B,0.19,26,I
ATAD2B.6,TAACATCTTCAGCAAACCGGTGG,TGG,chr2,24008908,24008930,-,ENSG00000119778,ATAD2B,0.31,32,M
ATF2.5,GCAAGAGGGGATAAATCTAGAGG,AGG,chr2,175982821,175982843,+,ENSG00000115966,ATF2,0.19,16,I
ATF2.6,ACAGTACTTGAGGTTGGTGAAGG,AGG,chr2,175979454,175979476,+,ENSG00000115966,ATF2,0.11,27,I
ATF2.7,GGACGAACAATAGCTGATGTGGG,GGG,chr2,175979547,175979569,+,ENSG00000115966,ATF2,0.22,41,I
ATM.6,GGGTACCAGAGACAGTGGGATGG,TGG,chr11,108155110,108155132,+,ENSG00000149311,ATM,0.15,26,I
ATRX.7,TCAGTTGATCATCAAGGGGATGG,TGG,chrX,76939105,76939127,-,ENSG00000085224,ATRX,0.38,24,M
AURKA.6,TTACCAGGTGCCGATGGCAGGGG,GGG,chr20,54961309,54961331,+,ENSG00000087586,AURKA,0.11,28,I
BANP.6,GAAGACAGCCACCACGAGGACGG,CGG,chr16,88039748,88039770,+,ENSG00000172530,BANP,0.36,14,M
BANP.7,GGGACACCTCCACATCGCCCAGG,AGG,chr16,88068937,88068959,+,ENSG00000172530,BANP,0.18,11,I
BAP1.7,GAACCGTCAGACAGTACTAGAGG,AGG,chr3,52440280,52440302,-,ENSG00000163930,BAP1,0.47,15,M
BAZ1A.7,GATGTGGAAGACAGTATGGGAGG,AGG,chr14,35234018,35234040,-,ENSG00000198604,BAZ1A,0.15,13,I
BAZ2B.1,GCTAAGTGAAGCAACTCCAGTGG,TGG,chr2,160335105,160335127,+,ENSG00000123636,BAZ2B,0.29,31,M
BAZ2B.2,TAGTTGGGGATGTGCGGCTAAGG,AGG,chr2,160310137,160310159,+,ENSG00000123636,BAZ2B,0.16,19,I
BAZ2B.6,GAAACTACTGAAGCCACAGAAGG,AGG,chr2,160335142,160335164,+,ENSG00000123636,BAZ2B,0.44,27,M
BAZ2B.7,GGTGGAATTCCCAGTAATGGTGG,TGG,chr2,160304842,160304864,+,ENSG00000123636,BAZ2B,0.2,61,I
BCOR.6,GAATCCCTTGAACCACAACGTGG,TGG,chrX,39935706,39935728,-,ENSG00000183337,BCOR,0.65,26,P
BMI1.6,ACAAAGCACACACATCAGGTGGG,GGG,chr10,22615419,22615441,-,ENSG00000168283,BMI1,0.47,17,M
BPTF.6,GGATTCTGAGGACGACGAGGAGG,AGG,chr17,65822308,65822330,+,ENSG00000171634,BPTF,0.29,14,M
BRCA1.6,GAACTCTGAGGACAAAGCAGCGG,CGG,chr17,41251829,41251851,-,ENSG00000012048,BRCA1,0.16,37,I
BRD2.5,CTCAGGTGGAGGAGTATACAGGG,GGG,chr6,32944090,32944112,-,ENSG00000204256,BRD2,0.71,21,P
BRD2.6,TGTGTGTGACACAGAAGAGACGG,CGG,chr6,32944066,32944088,-,ENSG00000204256,BRD2,0.12,89,I
BRD3.6,GGGTTGGAGTCCCTGAGCGAGGG,GGG,chr9,136901258,136901280,+,ENSG00000169925,BRD3,0.3,20,M
BRD7.7,GAGACAGATCATGTTCGGAGGGG,GGG,chr16,50354190,50354212,+,ENSG00000166164,BRD7,0.23,13,I
BRD8.5,GTAGCCTCTTCCATAGTGGTTGG,TGG,chr5,137504918,137504940,+,ENSG00000112983,BRD8,0.29,17,M
BRD8.6,GAACACAAGCTGCTAAGCACTGG,TGG,chr5,137513335,137513357,-,ENSG00000112983,BRD8,0.08,13,I
BRD9.6,GAAGAAGCGGAAGCGAGAGAGGG,GGG,chr5,891375,891397,-,ENSG00000028310,BRD9,0.25,12,I
BRDT.7,AACAAGGGTAGTATTGGCAGAGG,AGG,chr1,92459665,92459687,-,ENSG00000137948,BRDT,0.1,10,I
BRPF1.6,AGGGTGACTGCAGGCAACGGCGG,CGG,chr3,9781034,9781056,-,ENSG00000156983,BRPF1,0.36,28,M
BRPF3.3,TTCTGCCGGGACTTCCGACGAGG,AGG,chr6,36168109,36168131,-,ENSG00000096070,BRPF3,0.2,20,I
BRPF3.5,AAGTCCCGGCAGAATGCCGAGGG,GGG,chr6,36168118,36168140,+,ENSG00000096070,BRPF3,0.19,16,I
BRPF3.7,GCAGATGGGAGTGCAAGCGCCGG,CGG,chr6,36172546,36172568,-,ENSG00000096070,BRPF3,0.16,97,I
BRWD3.6,GGCGTGGAGCAGAAGAGTGGTGG,TGG,chrX,79973100,79973122,-,ENSG00000165288,BRWD3,0.27,11,M
CARM1.7,AACATCCTGAAAACCTGCCGGGG,GGG,chr19,11018732,11018754,+,ENSG00000142453,CARM1,0.29,24,M
CBX1.4,GTGGCATTCCTACCCCTCGGAGG,AGG,chr17,46148826,46148848,-,ENSG00000108468,CBX1,0.29,17,M
CBX1.7,TTACAGTCAGAAAAGCCACGAGG,AGG,chr17,46152446,46152468,-,ENSG00000108468,CBX1,0.3,71,M
CBX2.1,CTTGCTCAGGATGCACTCGGCGG,CGG,chr17,77752072,77752094,-,ENSG00000173894,CBX2,0.6,65,P
CBX2.3,ACCAGCCGCGCCACTTGACCAGG,AGG,chr17,77752197,77752219,-,ENSG00000173894,CBX2,0.1,30,I
CBX2.6,GAGGTGCAGAACCGGAAGAGAGG,AGG,chr17,77755508,77755530,+,ENSG00000173894,CBX2,0.25,24,I
CBX4.6,GGAACGGCAGGAGCAGCTGATGG,TGG,chr17,77809489,77809511,-,ENSG00000141582,CBX4,0.44,27,M
CBX5.5,GCGCGTGGTTAAGGGACAAGTGG,TGG,chr12,54651329,54651351,-,ENSG00000094916,CBX5,0.44,16,M
CBX5.6,GCAGAGCAATGATATCGCTCGGG,GGG,chr12,54639978,54640000,-,ENSG00000094916,CBX5,0.25,16,I
CBX5.7,GGATGAGGAGGAGTATGTTGTGG,TGG,chr12,54651368,54651390,-,ENSG00000094916,CBX5,0.21,14,I
CBX6.5,AGTGGGCGAGCGGGTCTTCGCGG,CGG,chr22,39268159,39268181,-,ENSG00000183741,CBX6,0.94,17,P
CBX6.7,GTACAGCACTTGGGAGCCCGAGG,AGG,chr22,39267740,39267762,-,ENSG00000183741,CBX6,0.2,49,I
CBX7.7,GGAGGAGAGAGACCGAGCATCGG,CGG,chr22,39534685,39534707,-,ENSG00000100307,CBX7,0.13,23,I
CBX8.5,GCGCCGCTTCAGGAGGGCTTCGG,CGG,chr17,77770738,77770760,+,ENSG00000141570,CBX8,0.25,12,I
CBX8.6,GTACAGCACATGGGAACCGGAGG,AGG,chr17,77770092,77770114,-,ENSG00000141570,CBX8,0.19,48,I
CBX8.7,ACTGCCAACCTACTTTGAGGAGG,AGG,chr17,77769843,77769865,+,ENSG00000141570,CBX8,0.3,10,M
CDYL.5,ACAGCACCTCGTGAACTGTGAGG,AGG,chr6,4892048,4892070,+,ENSG00000153046,CDYL,0.71,78,P
CDYL.6,GCAGGGTCAGGAGGACACAGTGG,TGG,chr6,4892432,4892454,+,ENSG00000153046,CDYL,0.6,42,P
CENPE.5,TGTATGGCAGAATCGATGATTGG,TGG,chr4,104117331,104117353,+,ENSG00000138778,CENPE,0.79,29,P
CENPE.6,TCAGCCTGATAGGATGGCGGAGG,AGG,chr4,104119467,104119489,-,ENSG00000138778,CENPE,0.18,17,I
CENPF.1,GTTTCAGCTTGACAGTCTCGAGG,AGG,chr1,214787211,214787233,+,ENSG00000117724,CENPF,0.28,18,M
CENPF.6,GGAACAACTGGACCTAGCAAAGG,AGG,chr1,214830491,214830513,-,ENSG00000117724,CENPF,0.11,114,I
CHAF1A.5,CAGGCGCTTAAACGGCAGACGGG,GGG,chr19,4408900,4408922,-,ENSG00000167670,CHAF1A,0.86,44,P
CHAF1B.5,CCTGACATTGGTGTCCACGCCGG,CGG,chr21,37758538,37758560,-,ENSG00000159259,CHAF1B,0.21,34,I
CHAF1B.6,CAGAAGCACGGAATCCTCCGAGG,AGG,chr21,37783806,37783828,-,ENSG00000159259,CHAF1B,0.4,25,M
CHD1.6,GCAGATGGTGACCCAAATGCAGG,AGG,chr5,98235352,98235374,-,ENSG00000153922,CHD1,0.52,31,P
CHD1.7,AGTTCTGGAAGCAGTAGTGATGG,TGG,chr5,98240731,98240753,-,ENSG00000153922,CHD1,0.4,10,M
CHD1L.5,GTCCCAGCTTCGAAAGTGTGTGG,TGG,chr1,146739134,146739156,+,ENSG00000131778,CHD1L,0.77,62,P
CHD2.5,AGCTATCCGTTCCTTCTTAGAGG,AGG,chr15,93467748,93467770,-,ENSG00000173575,CHD2,0.45,22,M
CHD2.6,TAAGGACAAAAGCCAAGAGGAGG,AGG,chr15,93444479,93444501,+,ENSG00000173575,CHD2,0.44,70,M
CHD2.7,AAGCAGCCGAAGACTCAGCGTGG,TGG,chr15,93482833,93482855,+,ENSG00000173575,CHD2,0.93,14,P
CHD3.7,CCAGTGGCTGTGATAAACCGTGG,TGG,chr17,7802353,7802375,-,ENSG00000170004,CHD3,0.36,22,M
CHD4.6,GGAGGGGCCAGAGTTTGTGGAGG,AGG,chr12,6711281,6711303,-,ENSG00000111642,CHD4,0.41,29,M
CHD5.5,GAAGGCTCACGGGCTCCACAGGG,GGG,chr1,6228275,6228297,+,ENSG00000116254,CHD5,0.59,22,P
CHD5.6,CAAGATGCTGGACCTCCTGGAGG,AGG,chr1,6191781,6191803,-,ENSG00000116254,CHD5,0.31,13,M
CHD5.7,GATGATGCTCACCCACCTGGTGG,TGG,chr1,6189000,6189022,-,ENSG00000116254,CHD5,0.32,19,M
CHD6.5,GCAGTATACAGGTCCTTCTGAGG,AGG,chr20,40162052,40162074,+,ENSG00000124177,CHD6,0.32,106,M
CHD6.6,GGAGCAAGGACCAACCCCAGTGG,TGG,chr20,40143566,40143588,-,ENSG00000124177,CHD6,0.54,13,P
CHD7.5,CAGCAAATGCCAATAGACCAAGG,AGG,chr8,61654106,61654128,+,ENSG00000171316,CHD7,0.37,60,M
CHD8.6,CAGTTCACCAAACTTCGCCGAGG,AGG,chr14,21860703,21860725,-,ENSG00000100888,CHD8,0.37,41,M
CHD8.7,GAGGTATGTTCTGCTCACCGCGG,CGG,chr14,21896185,21896207,+,ENSG00000100888,CHD8,0.46,24,M
CHD9.6,ATTAGATGCAAGAACTGCAGAGG,AGG,chr16,53190867,53190889,-,ENSG00000177200,CHD9,0.7,43,P
CHMP1B.6,CATCCGCCAGAAGAACCAGGCGG,CGG,chr18,11851675,11851697,+,ENSG00000255112,CHMP1B,0.45,110,M
CHMP1B.7,GGATATGCTGCTCCAGGAAATGG,TGG,chr18,11851957,11851979,+,ENSG00000255112,CHMP1B,0.29,14,M
CHMP2A.6,GAAGGGTGTCACCAAGGCCATGG,TGG,chr19,59063643,59063665,-,ENSG00000130724,CHMP2A,0.21,19,I
CHMP2A.7,GCTACTGCGGCAGAACCAGAGGG,GGG,chr19,59065519,59065541,-,ENSG00000130724,CHMP2A,0.45,11,M
CHMP2B.6,GCAGGCAGTTAACAAGAAGATGG,TGG,chr3,87299030,87299052,+,ENSG00000083937,CHMP2B,0.45,20,M
CHMP4B.5,CCTGGAGAAGAAAATCGAGCAGG,AGG,chr20,32399400,32399422,+,ENSG00000101421,CHMP4B,0.17,12,I
CHMP4B.6,GAATGCCAACACCAACACCGAGG,AGG,chr20,32436373,32436395,+,ENSG00000101421,CHMP4B,0.57,175,P
CHMP4B.7,GTTTGGAGAAGAGTTTGACGAGG,AGG,chr20,32438851,32438873,+,ENSG00000101421,CHMP4B,0.2,65,I
CHMP4C.5,AATCCAGAGAGAAATCGCCCTGG,TGG,chr8,82644999,82645021,+,ENSG00000164695,CHMP4C,0.2,41,I
CHMP4C.6,AATCCAGAGAGAAATCGCCCTGG,TGG,chr8,82644999,82645021,+,ENSG00000164695,CHMP4C,0.46,26,M
CHMP4C.7,TGAGTTCCAGAGAGAAGCCCTGG,TGG,chr8,82665375,82665397,+,ENSG00000164695,CHMP4C,0.28,65,M
CHRAC1.5,CGTGGTCGTGGGTAAAGACAAGG,AGG,chr8,141521607,141521629,+,ENSG00000104472,CHRAC1,0.2,15,I
CHRAC1.6,GGTGTCCAGCATCAACCAGGAGG,AGG,chr8,141521697,141521719,+,ENSG00000104472,CHRAC1,0.5,28,M
CITED1.6,GGGTGGCACCTCACCTGCGAAGG,AGG,chrX,71522662,71522684,-,ENSG00000125931,CITED1,0.12,17,I
CITED2.1,CGAGCACATACACTACGGCGCGG,CGG,chr6,139694901,139694923,-,ENSG00000164442,CITED2,0.2,25,I
CITED2.6,GGGCCGGGGACTGTGAACGGAGG,AGG,chr6,139694840,139694862,-,ENSG00000164442,CITED2,0.69,35,P
CREB1.5,AGCTGTACTAGAGTTACGGTGGG,GGG,chr2,208424986,208425008,-,ENSG00000118260,CREB1,0.24,110,I
CREBBP.6,GATGAGCTGATACCCAATGGAGG,AGG,chr16,3900950,3900972,-,ENSG00000005339,CREBBP,0.17,18,I
CREBBP.7,GCAGCCGTGGAAGCAGGAGGCGG,CGG,chr16,3820860,3820882,+,ENSG00000005339,CREBBP,0.53,19,P
CTCF.5,AACACTTGAATGGCTTCTCGTGG,TGG,chr16,67650733,67650755,-,ENSG00000102974,CTCF,0.21,19,I
CTCF.6,GGGCTATGACTGTGTCACAGTGG,TGG,chr16,67655457,67655479,-,ENSG00000102974,CTCF,0.55,29,P
DDX17.7,GATTACACCCAGATCAACGTAGG,AGG,chr22,38890710,38890732,-,ENSG00000100201,DDX17,0.46,37,M
DDX5.6,GATTTGGAGGAAGTAGGGCAGGG,GGG,chr17,62500924,62500946,-,ENSG00000108654,DDX5,0.43,14,M
DDX5.7,AAAGAAGTTTGGAAACCCTGGGG,GGG,chr17,62500890,62500912,-,ENSG00000108654,DDX5,0.43,14,M
DHX9.5,ACAGTTGTCTGACAAGTGACAGG,AGG,chr1,182827294,182827316,-,ENSG00000135829,DHX9,0.57,14,P
DICER1.5,GAGCTGTCCTATCAGATCAGGGG,GGG,chr14,95598899,95598921,-,ENSG00000100697,DICER1,0.7,43,P
DICER1.7,GCTGCAGGCCTGCCATGCTGAGG,AGG,chr14,95599750,95599772,+,ENSG00000100697,DICER1,0.19,21,I
DMAP1.5,CAAGAAGGACATTATCAACCCGG,CGG,chr1,44679503,44679525,+,ENSG00000178028,DMAP1,0.65,46,P
DMAP1.6,GCTGAGCCCGACACCTACGGAGG,AGG,chr1,44685690,44685712,+,ENSG00000178028,DMAP1,0.13,15,I
DNMT1.6,GGAGCCGGACAGAGAAGCCAGGG,GGG,chr19,10277315,10277337,-,ENSG00000130816,DNMT1,0.38,55,M
DNMT1.7,AGCAGGCTTGCCAAGAGCGGAGG,AGG,chr19,10262425,10262447,-,ENSG00000130816,DNMT1,0.31,13,M
DNMT3A.5,GCTACCACGCCTGAGCCCGTGGG,GGG,chr2,25470964,25470986,-,ENSG00000119772,DNMT3A,0.23,22,I
DNMT3B.5,CGACTCGCCCCCAATCCTGGAGG,AGG,chr20,31368225,31368247,+,ENSG00000088305,DNMT3B,0.23,22,I
DNMT3B.6,GGAGTGCCTGGAGGTGCTGGTGG,TGG,chr20,31386278,31386300,+,ENSG00000088305,DNMT3B,0.2,10,I
DNMT3B.7,GGTAAGGTAAGAGCTGGGAGGGG,GGG,chr20,31375082,31375104,-,ENSG00000088305,DNMT3B,0.3,23,M
DNMT3L.6,CAGATCCCTCCCTCAAACAGAGG,AGG,chr21,45679528,45679550,+,ENSG00000142182,DNMT3L,0.35,20,M
DOT1L.6,GGGAGACGGCTTCTTCACGGTGG,TGG,chr19,2210654,2210676,-,ENSG00000104885,DOT1L,0.24,33,I
DSCC1.6,GCAGAGTGTTCCTGAAGGAATGG,TGG,chr8,120854057,120854079,-,ENSG00000136982,DSCC1,0.32,25,M
EED.6,GATCCAGCTACAGCCAGCAGAGG,AGG,chr11,85967483,85967505,-,ENSG00000074266,EED,0.21,42,I
EED.7,GCGGAGGAATATGTCCGAGAGGG,GGG,chr11,85956262,85956284,+,ENSG00000074266,EED,0.22,27,I
EHMT2.6,GGAGGAGTGGGAGACGGTGGTGG,TGG,chr6,31860249,31860271,-,ENSG00000204371,EHMT2,0.17,12,I
EHMT2.7,GGGCCACACGGAAGTCAGGGTGG,TGG,chr6,31856014,31856036,+,ENSG00000204371,EHMT2,0.38,13,M
EIF3E.6,GAGAGAGAAAAGAACCACAGTGG,TGG,chr8,109252278,109252300,-,ENSG00000104408,EIF3E,0.3,66,M
EIF3E.7,ACTGTGGCTGATAAAGGAAGAGG,AGG,chr8,109240494,109240516,+,ENSG00000104408,EIF3E,0.7,10,P
ELP3.6,GCAGAGTGTTTATGAAGATGTGG,TGG,chr8,27987142,27987164,+,ENSG00000134014,ELP3,0.16,32,I
EP300.5,CCGAGAATGTGGTGGAACCGGGG,GGG,chr22,41489013,41489035,+,ENSG00000100393,EP300,0.34,32,M
EP300.6,GAAGGTGCAGCAGGAAGTGAAGG,AGG,chr22,41546080,41546102,-,ENSG00000100393,EP300,0.32,19,M
EP300.7,ACAGAATTGGGACTAACCAATGG,TGG,chr22,41513247,41513269,+,ENSG00000100393,EP300,0.27,37,M
EP400.7,GGAGCCACTCACAGGCGCGAGGG,GGG,chr12,132471135,132471157,-,ENSG00000183495,EP400,0.31,13,M
EPC2.5,TTGCCGCGGTAGATAGGCAGCGG,CGG,chr2,149402632,149402654,-,ENSG00000135999,EPC2,0.15,13,I
EPC2.6,GCAAGGAGGCGAATTGGCAGAGG,AGG,chr2,149528478,149528500,+,ENSG00000135999,EPC2,0.17,35,I
EPC2.7,ACAGACACATCCAAAAGCACAGG,AGG,chr2,149539328,149539350,+,ENSG00000135999,EPC2,0.29,35,M
ERCC2.1,GCGGGAGCTCAAACGCACGCTGG,TGG,chr19,45873399,45873421,-,ENSG00000104884,ERCC2,0.68,74,P
ERCC2.2,CGGGAAGACAGTATCCCTGTTGG,TGG,chr19,45872351,45872373,-,ENSG00000104884,ERCC2,0.21,14,I
ERCC2.5,TGCCATGATCAGGGCCAACAGGG,GGG,chr19,45872337,45872359,+,ENSG00000104884,ERCC2,0.65,31,P
ERCC2.6,GGCCTCGTCGAAGACCACGACGG,CGG,chr19,45867692,45867714,+,ENSG00000104884,ERCC2,0.2,25,I
ERCC6.6,AGAATTGCCACTCTGAACGGAGG,AGG,chr10,50701194,50701216,+,ENSG00000225830,ERCC6,0.53,17,P
ERCC6.7,GCAATCAAGCAAGAAAGTGGTGG,TGG,chr10,50740901,50740923,-,ENSG00000225830,ERCC6,0.42,12,M
ESR1.5,ACCGTAGACCTGCGCGTTGGCGG,CGG,chr6,152129247,152129269,-,ENSG00000091831,ESR1,0.33,15,M
ESR1.6,AGGAAAGGCGACAGCTGCGGCGG,CGG,chr6,152129387,152129409,-,ENSG00000091831,ESR1,0.33,42,M
EZH1.5,GCTTCATTGACTGAACAGGTTGG,TGG,chr17,40879682,40879704,+,ENSG00000108799,EZH1,0.57,21,P
EZH1.6,GAATCAGTACTCAGATGAGGAGG,AGG,chr17,40872384,40872406,-,ENSG00000108799,EZH1,0.42,12,M
EZH2.5,CAGAAGGAAATTTCCGAGGTGGG,GGG,chr7,148524323,148524345,+,ENSG00000106462,EZH2,0.17,12,I
EZH2.6,GGGAAGCAGGGACTGAAACGGGG,GGG,chr7,148515027,148515049,-,ENSG00000106462,EZH2,0.42,36,M
EZH2.7,ACCAAGAATGGAAACAGCGAAGG,AGG,chr7,148543616,148543638,-,ENSG00000106462,EZH2,0.21,24,I
FANCC.7,AGGGTCTTGCAGCAGCACCATGG,TGG,chr9,97879601,97879623,+,ENSG00000158169,FANCC,0.52,40,P
FANCM.6,GCCTTTGCCAGCAGCAGCGGAGG,AGG,chr14,45605354,45605376,+,ENSG00000187790,FANCM,0.25,12,I
FANCM.7,TCTGAGAGTCCACTGAGAGGCGG,CGG,chr14,45644952,45644974,-,ENSG00000187790,FANCM,0.42,12,M
FBXW7.7,AAGATGCATACAACGCACAGTGG,TGG,chr4,153249371,153249393,+,ENSG00000109670,FBXW7,0.62,16,P
GFI1B.5,GACCAACCTCAAACGAGAGCCGG,CGG,chr9,135862739,135862761,+,ENSG00000165702,GFI1B,0.2,20,I
GFI1B.6,GCGGAGGCTGAAGTCCAAGGCGG,CGG,chr9,135863788,135863810,-,ENSG00000165702,GFI1B,0.53,19,P
GFI1B.7,GGGGTCGGGACAGCACAATGGGG,GGG,chr9,135863588,135863610,-,ENSG00000165702,GFI1B,0.82,49,P
GTF3C4.7,CCGTGGACACAGACACGCGGTGG,TGG,chr9,135546210,135546232,-,ENSG00000125484,GTF3C4,0.31,16,M
H1F0.1,CTTCTGAATGGACTGGCGCGAGG,AGG,chr22,38201685,38201707,-,ENSG00000189060,H1F0,0.38,16,M
H1F0.4,GAATTCCACGTCCGCCCCTGCGG,CGG,chr22,38201560,38201582,+,ENSG00000189060,H1F0,0.11,19,I
H1F0.6,GGTCTGCTTGAGGACACCGGTGG,TGG,chr22,38201781,38201803,-,ENSG00000189060,H1F0,0.22,27,I
H1F0.7,GGCTAGCCGGAAGGACCCCGAGG,AGG,chr22,38201817,38201839,-,ENSG00000189060,H1F0,0.47,51,M
H1FX.5,GCTGGCCAAGATCTACACCGAGG,AGG,chr3,129034526,129034548,-,ENSG00000184897,H1FX,0.42,114,M
H2AFJ.5,GGGCGGCAAAGTGCGAGCAAAGG,AGG,chr12,14927425,14927447,+,ENSG00000246705,H2AFJ,0.33,12,M
H2AFX.6,AAGAAGACCAGCGCCACCGTGGG,GGG,chr11,118965728,118965750,-,ENSG00000188486,H2AFX,0.11,18,I
H2AFY.6,GCCACCGCCATGTCGAGCCGCGG,CGG,chr5,134724770,134724792,-,ENSG00000113648,H2AFY,0.2,15,I
H2AFY.7,GTACCGCAGCATCCGCCCCACGG,CGG,chr5,134724691,134724713,+,ENSG00000113648,H2AFY,0.55,22,P
H2AFY2.5,CAAGCTGTCCCGTTCAGCTAGGG,GGG,chr10,71835447,71835469,+,ENSG00000099284,H2AFY2,0.13,15,I
H2AFY2.6,GGAGTGACCATCGCCAGTGGAGG,AGG,chr10,71851522,71851544,+,ENSG00000099284,H2AFY2,0.19,26,I
H2AFZ.5,TGTCGATGAATACGGCCCACTGG,TGG,chr4,100870518,100870540,+,ENSG00000164032,H2AFZ,0.15,33,I
H2AFZ.7,ATAGCAAGTTGCAAGTGACGAGG,AGG,chr4,100870021,100870043,+,ENSG00000164032,H2AFZ,0.18,28,I
H3F3B.5,TTCTTCACCCCGCCGGTAGAGGG,GGG,chr17,73775143,73775165,+,ENSG00000132475,H3F3B,0.33,15,M
H3F3B.6,TCTTACCTGCAGCGCACCGATGG,TGG,chr17,73774885,73774907,+,ENSG00000132475,H3F3B,0.2,15,I
HAT1.6,GGTAGAATATAAGAGTGCAGTGG,TGG,chr2,172782072,172782094,+,ENSG00000128708,HAT1,0.42,33,M
HAT1.7,ACTGCCAATTACCTTACACGTGG,TGG,chr2,172823024,172823046,-,ENSG00000128708,HAT1,0.4,15,M
HDAC1.5,GGATTCGGTGAGGCTTCATTGGG,GGG,chr1,32768256,32768278,-,ENSG00000116478,HDAC1,0.2,10,I
HDAC1.6,GAGGACTGTCCAGTATTCGATGG,TGG,chr1,32790091,32790113,+,ENSG00000116478,HDAC1,0.5,14,M
HDAC10.1,GACCGCGCTTGTGTACCATGAGG,AGG,chr22,50689434,50689456,-,ENSG00000100429,HDAC10,0.64,394,P
HDAC10.5,GACGCTCGATCTCGCACTCGGGG,GGG,chr22,50689312,50689334,+,ENSG00000100429,HDAC10,0.13,15,I
HDAC11.1,TAGCGCGGCGAGTACACGATTGG,TGG,chr3,13522792,13522814,-,ENSG00000163517,HDAC11,0.21,14,I
HDAC11.6,GGAGCTGGAGTGGGGCACAGAGG,AGG,chr3,13545613,13545635,+,ENSG00000163517,HDAC11,0.61,54,P
HDAC2.6,GATGCTGTTCATGAAGACAGTGG,TGG,chr6,114265482,114265504,-,ENSG00000196591,HDAC2,0.14,73,I
HDAC3.7,GAGCAGAACTCAAAGAGCCCGGG,GGG,chr5,141009660,141009682,+,ENSG00000171720,HDAC3,0.1,20,I
HDAC4.6,AGGGAGCCGGACGAACACGGAGG,AGG,chr2,240016721,240016743,+,ENSG00000068024,HDAC4,0.25,63,M
HDAC4.7,GCAGCGCACAACCTCCACAGCGG,CGG,chr2,239975256,239975278,-,ENSG00000068024,HDAC4,0.71,17,P
HDAC5.1,CCAGCCCTGTGGAGCTACGGGGG,GGG,chr17,42171114,42171136,-,ENSG00000108840,HDAC5,0.18,11,I
HDAC5.6,GAAGCTGTCGACACAGCAGGAGG,AGG,chr17,42168830,42168852,-,ENSG00000108840,HDAC5,0.32,19,M
HDAC6.1,GGTGGAATCCTGGCCGGTTGAGG,AGG,chrX,48661104,48661126,-,ENSG00000094631,HDAC6,0.19,16,I
HDAC6.5,GAACCCCCAGTCGCCCCCTCAGG,AGG,chrX,48661153,48661175,+,ENSG00000094631,HDAC6,0.4,10,M
HDAC6.6,GAAGAAGCTCGGCCAAGCAATGG,TGG,chrX,48661352,48661374,+,ENSG00000094631,HDAC6,0.38,86,M
HDAC8.6,GCGGAAGATGGAGGAGCCGGAGG,AGG,chrX,71792596,71792618,-,ENSG00000147099,HDAC8,0.36,11,M
HDAC9.5,AGCTTTGATCCAATGATGTGTGG,TGG,chr7,18633540,18633562,-,ENSG00000048052,HDAC9,0.57,21,P
HDAC9.6,ACGGACAACAGGGTCCACCACGG,CGG,chr7,18624985,18625007,-,ENSG00000048052,HDAC9,0.48,64,M
HELLS.6,TCACTGGAGGAGTGATGCGATGG,TGG,chr10,96333892,96333914,+,ENSG00000119969,HELLS,0.38,64,M
HIF1AN.6,GGATGTAAAGAACATCACCAGGG,GGG,chr10,102305774,102305796,-,ENSG00000166135,HIF1AN,0.45,42,M
HIRA.5,GTTGCGAACTTGGTCCCGTCAGG,AGG,chr22,19398250,19398272,+,ENSG00000100084,HIRA,0.25,12,I
HIRA.6,GATGCTGTTAAAGAATGCCGTGG,TGG,chr22,19365559,19365581,+,ENSG00000100084,HIRA,0.53,19,P
HIRA.7,CATGTGTGAACTGTGTGCGGTGG,TGG,chr22,19394775,19394797,-,ENSG00000100084,HIRA,0.4,10,M
HIRIP3.5,TAAGTACCTCCGCCGCACGATGG,TGG,chr16,30006748,30006770,+,ENSG00000149929,HIRIP3,0.38,32,M
HIRIP3.6,GCTTCTCCTCGGGCTCCAGGTGG,TGG,chr16,30006708,30006730,+,ENSG00000149929,HIRIP3,0.35,34,M
HIST1H1B.6,GAAGAAGGCGAAGAAGCCCGCGG,CGG,chr6,27834818,27834840,-,ENSG00000184357,HIST1H1B,0.4,10,M
HIST1H1C.5,GGGGGACCAGACGCCTTACGAGG,AGG,chr6,26056541,26056563,+,ENSG00000187837,HIST1H1C,0.61,31,P
HIST1H1D.6,TGAGCTTATCACCAAGGCAGTGG,TGG,chr6,26235014,26235036,-,ENSG00000124575,HIST1H1D,0.14,116,I
HIST1H1E.5,GGCCGCTCTCAAGAAAGCGCTGG,TGG,chr6,26156795,26156817,+,ENSG00000168298,HIST1H1E,0.11,18,I
HIST1H1T.7,GGGAATCCTGGTGCAAACCAGGG,GGG,chr6,26108018,26108040,-,ENSG00000187475,HIST1H1T,0.7,10,P
HJURP.1,GGGTACGCTGCGCGCCATGGAGG,AGG,chr2,234763119,234763141,-,ENSG00000123485,HJURP,0.34,93,M
HJURP.2,GCTGACCTACGAGACGCCACAGG,AGG,chr2,234762490,234762512,-,ENSG00000123485,HJURP,0.23,139,I
HJURP.5,CCAGTCGCCGCCGCTTCCAGAGG,AGG,chr2,234763054,234763076,-,ENSG00000123485,HJURP,0.14,22,I
HJURP.6,GCCCTTCGAGGACACCCCGGTGG,TGG,chr2,234762526,234762548,-,ENSG00000123485,HJURP,0.63,27,P
HJURP.7,GGTGAGGCCAGTGAAGGCAGCGG,CGG,chr2,234752868,234752890,+,ENSG00000123485,HJURP,0.12,80,I
HLCS.6,GAAGAACCCAAACAAAGGAGAGG,AGG,chr21,38309512,38309534,-,ENSG00000159267,HLCS,0.4,20,M
HLTF.1,GTTGGACTACGCTATTACACGGG,GGG,chr3,148802473,148802495,-,ENSG00000071794,HLTF,0.17,41,I
HLTF.6,AAGGCAGATGGACTAAGCAAAGG,AGG,chr3,148782577,148782599,-,ENSG00000071794,HLTF,0.29,38,M
HLTF.7,ACAGTCTGAAACTAAAGGCAGGG,GGG,chr3,148778436,148778458,-,ENSG00000071794,HLTF,0.5,40,M
HMG20A.5,GGAGCGTTACATGAAGGAACTGG,TGG,chr15,77763281,77763303,+,ENSG00000140382,HMG20A,0.3,20,M
HMG20A.6,CAGCAGAAGGCAATGAACAGAGG,AGG,chr15,77756695,77756717,+,ENSG00000140382,HMG20A,0.45,121,M
HMG20A.7,GGAACAGTATCAGAAAACAGAGG,AGG,chr15,77763302,77763324,+,ENSG00000140382,HMG20A,0.44,25,M
HMG20B.7,GAGTTCTTGGACCAAAACAAAGG,AGG,chr19,3576602,3576624,+,ENSG00000064961,HMG20B,0.3,10,M
HMGA1.5,AAGCAGCCTCCGGTGAGTCCCGG,CGG,chr6,34208648,34208670,+,ENSG00000137309,HMGA1,0.21,33,I
HMGA2.5,CAGCCGTCCACTTCAGCCCAGGG,GGG,chr12,66219078,66219100,+,ENSG00000149948,HMGA2,0.3,10,M
HMGA2.6,AGACCCAGGGGAAGACCCAAAGG,AGG,chr12,66221808,66221830,+,ENSG00000149948,HMGA2,0.91,504,P
HMGA2.7,GCCCTCTCCTAAGAGACCCAGGG,GGG,chr12,66221795,66221817,+,ENSG00000149948,HMGA2,0.33,18,M
HMGB2.6,AAGATCAAAAGTGAACACCCTGG,TGG,chr4,174254087,174254109,-,ENSG00000164104,HMGB2,0.6,146,P
HMGB3.2,GTTCTTTGCAGACGATGTCCGGG,GGG,chrX,150154513,150154535,+,ENSG00000029993,HMGB3,0.13,15,I
HMGB3.3,GAAGTGCTCTGAGAGGTGGAAGG,AGG,chrX,150154201,150154223,+,ENSG00000029993,HMGB3,0.74,27,P
HMGN1.5,CCGCAGGTCAGCTCCGCCGAAGG,AGG,chr21,40720487,40720509,-,ENSG00000205581,HMGN1,0.24,21,I
HMGN3.6,CTAGTCTCCAGAGAATACAGAGG,AGG,chr6,79924721,79924743,-,ENSG00000118418,HMGN3,0.38,53,M
HMGN3.7,CCTGGAGCAAAGATTAGCAGAGG,AGG,chr6,79912078,79912100,-,ENSG00000118418,HMGN3,0.15,20,I
HMGN4.6,AAGGGAGAGAAGCTTCCCAAAGG,AGG,chr6,26545576,26545598,+,ENSG00000182952,HMGN4,0.73,11,P
HMGN5.4,CTGCAGGTCAAGGTGATATGAGG,AGG,chrX,80375293,80375315,-,ENSG00000198157,HMGN5,0.91,32,P
HNRNPK.6,GTATCTTCTCCAGAATGCTGGGG,GGG,chr9,86591957,86591979,-,ENSG00000165119,HNRNPK,0.24,17,I
HP1BP3.6,GGAACCTGAGAATGAAGAGAAGG,AGG,chr1,21103124,21103146,-,ENSG00000127483,HP1BP3,0.12,26,I
HR.1,GGTGCAGTCCATCTCGAGGCGGG,GGG,chr8,21986572,21986594,+,ENSG00000168453,HR,0.14,29,I
HSPBAP1.6,GGGATGAAAAGCATGAGCACAGG,AGG,chr3,122496567,122496589,-,ENSG00000169087,HSPBAP1,0.11,27,I
ID2.1,GGCTCATCGGGTCGTCCACAGGG,GGG,chr2,8822376,8822398,-,ENSG00000115738,ID2,0.41,46,M
ID2.5,GCGAGTCCAGGGCGATCTGCAGG,AGG,chr2,8822517,8822539,-,ENSG00000115738,ID2,0.28,29,M
ID2.7,TCCGGGAGATGCCCAGGCTGTGG,TGG,chr2,8822346,8822368,-,ENSG00000115738,ID2,0.17,12,I
ING2.7,GCAGCAGCAACTGTACTCGTCGG,CGG,chr4,184426363,184426385,+,ENSG00000168556,ING2,0.62,13,P
INO80.6,CAGGATGATAGACCTACTGGAGG,AGG,chr15,41308285,41308307,-,ENSG00000128908,INO80,0.33,18,M
IRF4.5,CGGAGAGTTCGGCATGAGCGCGG,CGG,chr6,393179,393201,+,ENSG00000137265,IRF4,0.7,10,P
IRX1.6,GGAGAAGGCCGAGGACGACGAGG,AGG,chr5,3599704,3599726,+,ENSG00000170549,IRX1,0.6,10,P
JHDM1D.5,CACACACAGTACACGGGCGGGGG,GGG,chr7,139876613,139876635,+,ENSG00000006459,KDM7A,0.13,23,I
JHDM1D.6,ATACAAAGCACAGACTGCAGTGG,TGG,chr7,139796447,139796469,-,ENSG00000006459,KDM7A,0.36,126,M
JUNB.1,GCGCTTTGAGACTCCGGTAGGGG,GGG,chr19,12902720,12902742,-,ENSG00000171223,JUNB,0.08,85,I
JUNB.2,TAGCTGTGTATGAGTCGTCGTGG,TGG,chr19,12902615,12902637,-,ENSG00000171223,JUNB,0.52,87,P
JUNB.5,GGCGCTTTGAGACTCCGGTAGGG,GGG,chr19,12902721,12902743,-,ENSG00000171223,JUNB,0.13,15,I
JUNB.7,GGGGTAAAAGTACTGTCCCGGGG,GGG,chr19,12902899,12902921,-,ENSG00000171223,JUNB,0.18,40,I
KAT2B.6,GAAATTGTCCCAGCCACAGGAGG,AGG,chr3,20161101,20161123,-,ENSG00000114166,KAT2B,0.79,14,P
KAT2B.7,GCAAGGTTGGAAGAGCGCAGGGG,GGG,chr3,20167436,20167458,+,ENSG00000114166,KAT2B,0.1,78,I
KAT5.5,GCGTGAAGGACATCAGTGGCCGG,CGG,chr11,65480255,65480277,+,ENSG00000172977,KAT5,0.76,17,P
KAT6A.5,TGATAGCCAATCGTAACTGCTGG,TGG,chr8,41906042,41906064,+,ENSG00000083168,KAT6A,0.21,14,I
KAT6A.7,GAGGGCTTGGCAGAGTCTGGTGG,TGG,chr8,41906152,41906174,-,ENSG00000083168,KAT6A,0.17,18,I
KAT6B.5,ATGCGGTCAGTACTTCCCATGGG,GGG,chr10,76602716,76602738,+,ENSG00000156650,KAT6B,0.25,24,I
KAT6B.6,GTGGAGGTGCTGCAGAGTGGTGG,TGG,chr10,76780526,76780548,-,ENSG00000156650,KAT6B,0.15,13,I
KAT7.6,ACAGACAGTTCAGAAAGTGATGG,TGG,chr17,47869311,47869333,+,ENSG00000136504,KAT7,0.29,17,M
KAT7.7,CAAGACAACTCACCATGTGCCGG,CGG,chr17,47895364,47895386,-,ENSG00000136504,KAT7,0.28,25,M
KAT8.5,CGGCGAGCCGGAAGTCACGGTGG,TGG,chr16,31129146,31129168,+,ENSG00000103510,KAT8,0.35,17,M
KAT8.7,GTCTCGAGTGAACGACCAGGAGG,AGG,chr16,31131526,31131548,+,ENSG00000103510,KAT8,0.3,23,M
KDM1A.6,GCTTCAGCACACCCAGGGGAAGG,AGG,chr1,23405559,23405581,-,ENSG00000004487,KDM1A,0.38,29,M
KDM2A.5,GTACTATAGGAACTCCAGTGAGG,AGG,chr11,67010521,67010543,-,ENSG00000173120,KDM2A,0.78,59,P
KDM2A.6,GGCCTCACAGGTGTTAACCGTGG,TGG,chr11,67012735,67012757,-,ENSG00000173120,KDM2A,0.49,59,M
KDM2A.7,GGCTCCTGACACAATCGGGGAGG,AGG,chr11,67012766,67012788,-,ENSG00000173120,KDM2A,0.16,25,I
KDM2B.7,GGCGGGGAAGGAAGACACGGTGG,TGG,chr12,121883158,121883180,-,ENSG00000089094,KDM2B,0.25,36,I
KDM3A.5,CCACACCGACGTTACCAAGAAGG,AGG,chr2,86669326,86669348,+,ENSG00000115548,KDM3A,0.43,82,M
KDM3A.6,CATACTCCAAACCCACACCGAGG,AGG,chr2,86705089,86705111,-,ENSG00000115548,KDM3A,0.87,162,P
KDM4A.2,CCCAAGGAGCTCATCGGGCAGGG,GGG,chr1,44118953,44118975,+,ENSG00000066135,KDM4A,0.21,48,I
KDM4A.6,GTATCTTCTGTAAGAAGCGGAGG,AGG,chr1,44160384,44160406,+,ENSG00000066135,KDM4A,0.12,25,I
KDM4A.7,AGGTTGTTCCTCCAAAAGAGTGG,TGG,chr1,44121260,44121282,+,ENSG00000066135,KDM4A,0.43,54,M
KDM4B.7,TCACCAGGTACTGTACCCCGCGG,CGG,chr19,5041141,5041163,+,ENSG00000127663,KDM4B,0.73,137,P
KDM5A.6,GGAAACCAGAGATACAGCCATGG,TGG,chr12,418971,418993,-,ENSG00000073614,KDM5A,0.14,44,I
KDM5A.7,GTGTCCTAAATGTGTCGCCGAGG,AGG,chr12,463241,463263,-,ENSG00000073614,KDM5A,0.36,11,M
KDM5B.5,TCGAAGACCGGGCACTCGGGTGG,TGG,chr1,202777327,202777349,+,ENSG00000117139,KDM5B,0.5,10,M
KDM5B.6,AGGGCCTCTCCAGTGAGCGGTGG,TGG,chr1,202699060,202699082,-,ENSG00000117139,KDM5B,0.2,10,I
KDM5C.6,GAAGCTAGACCTGAACCTGGCGG,CGG,chrX,53230803,53230825,-,ENSG00000126012,KDM5C,0.47,30,M
KDM5D.5,GGCTCAAAAACCGGGCACTCCGG,CGG,chrY,21906365,21906387,+,ENSG00000012817,KDM5D,0.27,15,M
KDM5D.6,GAAGAACTGCCTGAGTGAGGTGG,TGG,chrY,21877287,21877309,-,ENSG00000012817,KDM5D,0.12,16,I
KDM6A.6,GAGATGCTGGGAAGGCCCAGTGG,TGG,chrX,44928885,44928907,-,ENSG00000147050,KDM6A,0.27,11,M
KDM6B.5,CAAAGGCTTCCCGTGCAGCGCGG,CGG,chr17,7748902,7748924,-,ENSG00000132510,KDM6B,0.95,21,P
KIF4A.1,CTGAGGCTCTCCGGGCACGAAGG,AGG,chrX,69510406,69510428,-,ENSG00000090889,KIF4A,0.56,102,P
KIF4A.4,GGGATCAAATACAAAATCGTAGG,AGG,chrX,69510569,69510591,-,ENSG00000090889,KIF4A,0.14,28,I
KIF4A.5,CTAGGAATAACCCCAACTGTTGG,TGG,chrX,69516940,69516962,-,ENSG00000090889,KIF4A,0.22,27,I
KLHDC3.1,CATCGGGTATACTCCTTCGGGGG,GGG,chr6,42985000,42985022,+,ENSG00000124702,KLHDC3,0.67,15,P
KLHDC3.6,ACGGATGGCAGACTTCACCGGGG,GGG,chr6,42985281,42985303,-,ENSG00000124702,KLHDC3,0.66,508,P
KLHDC3.7,GTACCACAGGAGCTTGCCCACGG,CGG,chr6,42985300,42985322,-,ENSG00000124702,KLHDC3,0.29,31,M
KMT2A.7,TGTGAGACAGCAACCCACGGTGG,TGG,chr11,118369113,118369135,-,ENSG00000118058,KMT2A,0.18,22,I
KMT2B.7,GCAGCTGGAAATGCAAGGAGGGG,GGG,chr19,36211040,36211062,+,ENSG00000105663,KMT2B,0.58,12,P
KMT2C.6,GAGGCCGGCAGAGTTGGTGGTGG,TGG,chr7,151873701,151873723,+,ENSG00000055609,KMT2C,0.19,27,I
KMT2C.7,GTGGCACCTGGAATTAGGGGTGG,TGG,chr7,151860778,151860800,+,ENSG00000055609,KMT2C,0.37,19,M
KMT2D.6,GGGGACACCACTGGACACCGGGG,GGG,chr12,49448415,49448437,+,ENSG00000167548,KMT2D,0.84,45,P
KMT2E.7,GGGAGACAAAGATCAAAGCATGG,TGG,chr7,104717459,104717481,+,ENSG00000005483,KMT2E,0.43,14,M
L3MBTL1.1,CAAGATCTGGACCCGCGGCTTGG,TGG,chr20,42143737,42143759,-,ENSG00000185513,L3MBTL1,0.32,28,M
L3MBTL1.6,GGCGTGACCGAATACGAAGATGG,TGG,chr20,42143350,42143372,+,ENSG00000185513,L3MBTL1,0.18,11,I
L3MBTL1.7,TTTGAGGAGCTCAGAAGCGCTGG,TGG,chr20,42143964,42143986,-,ENSG00000185513,L3MBTL1,0.18,40,I
MAEL.7,GACAAAGCTGACATATCTGGAGG,AGG,chr1,166960675,166960697,-,ENSG00000143194,MAEL,0.15,26,I
MAF.5,CATGAGCACGCCGTGCAGCTCGG,CGG,chr16,79633601,79633623,-,ENSG00000178573,MAF,0.86,22,P
MAF.6,GGCTGGGCGCCGAGAAGCTGGGG,GGG,chr16,79633568,79633590,+,ENSG00000178573,MAF,0.16,19,I
MATR3.5,GCATGTGTCTAGGTCCTTGCAGG,AGG,chr5,138652758,138652780,-,ENSG00000015479,MATR3,0.58,12,P
MAU2.6,GCATGGTTGGAGAAGAGCCGGGG,GGG,chr19,19455691,19455713,-,ENSG00000129933,MAU2,0.17,23,I
MBD1.6,CGAGGGTGTGGAGTATGCCGGGG,GGG,chr18,47802073,47802095,-,ENSG00000141644,MBD1,0.82,65,P
MBD1.7,AAGAGGGTGAGATCACACGCAGG,AGG,chr18,47803500,47803522,+,ENSG00000141644,MBD1,0.13,15,I
MBD3.5,GCGCTACGACTCCTCCAACCAGG,AGG,chr19,1585059,1585081,-,ENSG00000071655,MBD3,0.5,22,M
MBD3.7,CAAGAGCGACCCGCAGAAGGCGG,CGG,chr19,1584556,1584578,-,ENSG00000071655,MBD3,0.48,25,M
MBD3L1.5,TGAGGTCAGATACCATCAATGGG,GGG,chr19,8953498,8953520,+,ENSG00000170948,MBD3L1,0.32,22,M
MBD3L1.7,TGATGGCCAAGAGTTCACAGAGG,AGG,chr19,8953353,8953375,+,ENSG00000170948,MBD3L1,0.77,71,P
MBD3L2.6,AGGCAGACAGGCTGGCCAGGCGG,CGG,chr19,7051587,7051609,+,ENSG00000230522,MBD3L2,0.25,12,I
MBD4.5,GCGCTCACTAGAGGTGACGGTGG,TGG,chr3,129158602,129158624,+,ENSG00000129071,MBD4,0.11,36,I
MBD4.6,GGAAAGAGTGGGAGAAGATGAGG,AGG,chr3,129156747,129156769,-,ENSG00000129071,MBD4,0.12,25,I
MBD4.7,ACCAAACTGAGCAGAAGCGATGG,TGG,chr3,129156673,129156695,+,ENSG00000129071,MBD4,0.2,10,I
MBD5.5,TGTGGGTTGGCAGCGTCGTGTGG,TGG,chr2,149216393,149216415,+,ENSG00000204406,MBD5,0.5,18,M
MBD5.6,GTTCTGAAACAGACAAGCCATGG,TGG,chr2,149243491,149243513,-,ENSG00000204406,MBD5,0.19,95,I
MBD5.7,CAGACACAGAAAATGAATGGAGG,AGG,chr2,149216316,149216338,+,ENSG00000204406,MBD5,0.21,24,I
MBD6.6,GGTGGGGCCAGCATCAGAGGAGG,AGG,chr12,57918783,57918805,+,ENSG00000166987,MBD6,0.36,22,M
MCM2.7,GGAGAGGAGCTCATTGGAGATGG,TGG,chr3,127318359,127318381,+,ENSG00000073111,MCM2,0.18,11,I
MCM4.6,GTAGAGGGAACCCCAAGAAGTGG,TGG,chr8,48874672,48874694,+,ENSG00000104738,MCM4,0.24,37,I
MEN1.5,GTGAGCTCGGGAACGTTGGTAGG,AGG,chr11,64577397,64577419,+,ENSG00000133895,MEN1,0.17,23,I
MINA.6,GGGAAATGAGGAGGAAACAGAGG,AGG,chr3,97664641,97664663,-,ENSG00000170854,MINA,0.63,67,P
MPHOSPH8.6,TAGGATGGAGCAGGTTGCGGAGG,AGG,chr13,20207885,20207907,+,ENSG00000196199,MPHOSPH8,0.15,20,I
MSH6.2,GGTGACGCGGAGCGCGCCAAGGG,GGG,chr2,48010547,48010569,-,ENSG00000116062,MSH6,0.07,82,I
MSH6.6,GAAGAGATGAGCACAGGAGGAGG,AGG,chr2,48026255,48026277,+,ENSG00000116062,MSH6,0.23,48,I
MSL1.5,AATTAAACTGGAGTGCCAGCCGG,CGG,chr17,38282564,38282586,+,ENSG00000188895,MSL1,0.36,11,M
MSL1.6,GGATTGAACGTATGGAAAGGCGG,CGG,chr17,38282446,38282468,+,ENSG00000188895,MSL1,0.48,33,M
MTA1.7,GCAGATCGACCAGTTCCTGGTGG,TGG,chr14,105924680,105924702,+,ENSG00000182979,MTA1,0.36,11,M
MTA2.6,GGCGGCCAACATGTACCGGGTGG,TGG,chr11,62368898,62368920,-,ENSG00000149480,MTA2,0.53,17,P
MTA3.5,AGTGTCTTAGTACCACTCGGAGG,AGG,chr2,42909595,42909617,+,ENSG00000057935,MTA3,0.33,42,M
MTA3.6,GACAAAGGTGAAATCAGAGTGGG,GGG,chr2,42871321,42871343,+,ENSG00000057935,MTA3,0.25,36,I
MTA3.7,AGTGTCTTAGTACCACTCGGAGG,AGG,chr2,42909595,42909617,+,ENSG00000057935,MTA3,0.32,25,M
MYCN.5,TGAAGAGGAAGAAATCGACGTGG,TGG,chr2,16085640,16085662,+,ENSG00000134323,MYCN,0.21,52,I
NAP1L2.2,GGCCGAGTCAGAGAACCGCAAGG,AGG,chrX,72434304,72434326,-,ENSG00000186462,NAP1L2,0.34,89,M
NAP1L2.4,AAAAGGTGGCGATACTGATGAGG,AGG,chrX,72434085,72434107,-,ENSG00000186462,NAP1L2,0.32,22,M
NAP1L2.7,GAATATGTGGATGAGGACGATGG,TGG,chrX,72433724,72433746,-,ENSG00000186462,NAP1L2,0.24,17,I
NAP1L3.6,GCCGCTTGTATAGAAAGAAGAGG,AGG,chrX,92928067,92928089,-,ENSG00000186310,NAP1L3,0.2,10,I
NAP1L4.5,CAACAGATGCGGAATCGGAATGG,TGG,chr11,2992711,2992733,-,ENSG00000205531,NAP1L4,0.46,13,M
NAP1L4.6,GCAGCTTCCACGGAATCTGAAGG,AGG,chr11,2999534,2999556,+,ENSG00000205531,NAP1L4,0.25,12,I
NAP1L4.7,GTGAAGTACAGCACAGCCCGCGG,CGG,chr11,2975785,2975807,+,ENSG00000205531,NAP1L4,0.62,13,P
NAP1L5.5,TCTGACCAGCCGCGCTGTCAGGG,GGG,chr4,89618755,89618777,+,ENSG00000177432,NAP1L5,0.16,19,I
NAP1L5.6,GGAGTACGAGGATGACGAGGAGG,AGG,chr4,89618458,89618480,-,ENSG00000177432,NAP1L5,0.55,31,P
NAT10.5,AAGATCCTGGGCAATACCTTCGG,CGG,chr11,34133732,34133754,+,ENSG00000135372,NAT10,0.67,24,P
NCOA1.6,GAGATACTAGGATTGACCGAGGG,GGG,chr2,24929501,24929523,-,ENSG00000084676,NCOA1,0.14,21,I
NCOA2.5,AGGGCAGGGTGTCATCGACAAGG,AGG,chr8,71087017,71087039,-,ENSG00000140396,NCOA2,0.07,15,I
NCOA2.7,GGTCTGGCGAACCTCCGAGGCGG,CGG,chr8,71078952,71078974,-,ENSG00000140396,NCOA2,0.4,20,M
NCOA3.2,TTTCGTGAATCACTGGCCAGTGG,TGG,chr20,46251019,46251041,-,ENSG00000124151,NCOA3,0.18,17,I
NCOA3.6,AGTATTGCCAGAAGATGCCATGG,TGG,chr20,46264647,46264669,-,ENSG00000124151,NCOA3,0.56,34,P
NCOA3.7,GTAGAGGAGGAGACTCCAGAGGG,GGG,chr20,46265096,46265118,-,ENSG00000124151,NCOA3,0.53,228,P
NCOA6.6,TGGAAGGTCATCCAAAACCATGG,TGG,chr20,33370138,33370160,+,ENSG00000198646,NCOA6,0.48,121,M
NCOR1.5,TAACCAGCCATCAGATACCAAGG,AGG,chr17,16055282,16055304,-,ENSG00000141027,NCOR1,0.25,28,I
NCOR1.6,AGAGAGCAAGCCACACCCCGGGG,GGG,chr17,16024506,16024528,-,ENSG00000141027,NCOR1,0.59,17,P
NEDD4.3,CTCGGATATCTGCCGCCTGGTGG,TGG,chr15,56152895,56152917,+,ENSG00000069869,NEDD4,0.24,25,I
NEDD4.5,AACGTGCATTTACCACCAGGCGG,CGG,chr15,56152907,56152929,-,ENSG00000069869,NEDD4,0.27,30,M
NEDD4.6,GGACTTCCCAGCCTTTAGGAAGG,AGG,chr15,56142799,56142821,+,ENSG00000069869,NEDD4,0.3,27,M
NEDD4.7,TATCAAAGTTACCCAGGTGGTGG,TGG,chr15,56142728,56142750,+,ENSG00000069869,NEDD4,0.26,23,M
NFRKB.5,CCATGGCACGCGCATCATGGAGG,AGG,chr11,129762663,129762685,-,ENSG00000170322,NFRKB,0.21,33,I
NFRKB.6,AGAGTGGCTCACGACCCGGGCGG,CGG,chr11,129743799,129743821,+,ENSG00000170322,NFRKB,0.37,63,M
NPM2.1,CAGTAGCGCCAGTAGCACGGAGG,AGG,chr8,21882768,21882790,+,ENSG00000158806,NPM2,0.53,139,P
NPM2.6,GCTGCGAGCTCAGTCAGGAGAGG,AGG,chr8,21882947,21882969,+,ENSG00000158806,NPM2,0.24,203,I
NPM2.7,GACCTTCAGACCCCAGCTGGAGG,AGG,chr8,21882978,21883000,+,ENSG00000158806,NPM2,0.13,104,I
NR3C1.1,TTAGAAAAAACTGTTCGACCAGG,AGG,chr5,142779233,142779255,+,ENSG00000113580,NR3C1,0.21,14,I
NR3C1.4,GCTTACATCTGGTCTCATGCTGG,TGG,chr5,142693709,142693731,+,ENSG00000113580,NR3C1,0.21,24,I
NR3C1.6,TGAGAAGCGACAGCCAGTGAGGG,GGG,chr5,142780247,142780269,+,ENSG00000113580,NR3C1,0.17,175,I
NSD1.2,CAAAATTCAAGAGACGCCCATGG,TGG,chr5,176618943,176618965,+,ENSG00000165671,NSD1,0.16,19,I
NSD1.6,AAAATGCAGGGTGAACGCGGTGG,TGG,chr5,176675272,176675294,+,ENSG00000165671,NSD1,0.63,30,P
NSD1.7,AAGCACATAAAGATGAACGGAGG,AGG,chr5,176636956,176636978,+,ENSG00000165671,NSD1,0.57,81,P
NSMCE2.5,AGCCTGTATCAACTCTGGTATGG,TGG,chr8,126114665,126114687,+,ENSG00000156831,NSMCE2,0.44,16,M
NSMCE2.6,AGAGAAGCTGACGGAACAGAAGG,AGG,chr8,126369478,126369500,+,ENSG00000156831,NSMCE2,0.27,11,M
NUFIP1.5,AGGGGAGACTGGGCGTCGAAGGG,GGG,chr13,45563276,45563298,+,ENSG00000083635,NUFIP1,0.62,16,P
NUFIP1.6,GGAGAGACTGGGCCTCCATGGGG,GGG,chr13,45563349,45563371,+,ENSG00000083635,NUFIP1,0.56,34,P
NUP153.7,CTGTTCAACAGACACAAGCGAGG,AGG,chr6,17688738,17688760,-,ENSG00000124789,NUP153,0.86,43,P
OIP5.6,GGAGAAGACCACGGCCCCGAGGG,GGG,chr15,41624439,41624461,+,ENSG00000104147,OIP5,0.37,30,M
ORC1.5,AATCTGGATGTGAATCTCGGTGG,TGG,chr1,52867110,52867132,+,ENSG00000085840,ORC1,0.29,51,M
ORC2.5,GGATGATGAAGGGGTTGCACAGG,AGG,chr2,201800541,201800563,-,ENSG00000115942,ORC2,0.24,34,I
PBRM1.5,TTCATCCTTATAGTCTCGGATGG,TGG,chr3,52712563,52712585,+,ENSG00000163939,PBRM1,0.18,11,I
PBRM1.6,GGAGTTGTCGGAATAACCAAGGG,GGG,chr3,52668716,52668738,-,ENSG00000163939,PBRM1,0.24,17,I
PBX4.7,GAATTTCAGCAAGCAGGCGACGG,CGG,chr19,19680359,19680381,-,ENSG00000105717,PBX4,0.2,10,I
PCGF1.5,ATCGCAATCTGGCCCCCCTGAGG,AGG,chr2,74734764,74734786,+,ENSG00000115289,PCGF1,0.21,38,I
PCGF1.6,AAGACACTCTGTGATGGTGGTGG,TGG,chr2,74734176,74734198,+,ENSG00000115289,PCGF1,0.23,60,I
PCGF1.7,ATTGTTTGCTGCCTATGCGCCGG,CGG,chr2,74734213,74734235,-,ENSG00000115289,PCGF1,0.13,15,I
PCGF2.5,GATGAAGTACCCCCCGCAGAGGG,GGG,chr17,36896578,36896600,+,ENSG00000056661,PCGF2,0.17,18,I
PCGF2.7,CAGATGAGATGAAACGGCGGCGG,CGG,chr17,36895352,36895374,-,ENSG00000056661,PCGF2,0.36,14,M
PCGF3.5,CAGACACTCGGTCACCGTGGTGG,TGG,chr4,727549,727571,-,ENSG00000185619,PCGF3,0.17,18,I
PCGF3.6,CAGGGCACTCACCATTCCGATGG,TGG,chr4,737362,737384,-,ENSG00000185619,PCGF3,0.5,14,M
PCGF3.7,TTCAAACAAAGAGGCCGCGGAGG,AGG,chr4,738410,738432,+,ENSG00000185619,PCGF3,0.67,54,P
PCGF5.6,GATCAAGCCAACAACAGTGACGG,CGG,chr10,92982703,92982725,+,ENSG00000180628,PCGF5,0.17,59,I
PCGF5.7,AGCAATGATTGCCCAAGGTGTGG,TGG,chr10,93000276,93000298,+,ENSG00000180628,PCGF5,0.23,35,I
PCGF6.5,CAGAGGCCGCTTCGAGGACGAGG,AGG,chr10,105110583,105110605,-,ENSG00000156374,PCGF6,0.17,12,I
PCGF6.6,GGAAGAAGAAGAGGAGCTGGAGG,AGG,chr10,105110550,105110572,-,ENSG00000156374,PCGF6,0.36,14,M
PCGF6.7,GGTATGAAGACATTCTGTGATGG,TGG,chr10,105108658,105108680,+,ENSG00000156374,PCGF6,0.62,21,P
PDS5A.5,TGTGGCGTCGTGAGTGCCGACGG,CGG,chr4,39978136,39978158,-,ENSG00000121892,PDS5A,0.26,27,M
PDS5B.7,GGATCTAGGCTCTTATGCAGAGG,AGG,chr13,33309309,33309331,-,ENSG00000083642,PDS5B,0.25,57,I
PHC2.6,CGTGGGATGCACCAAACGGGTGG,TGG,chr1,33795785,33795807,-,ENSG00000134686,PHC2,0.27,11,M
PHC2.7,CCAGCTCATCTACTTCCCGCCGG,CGG,chr1,33794607,33794629,-,ENSG00000134686,PHC2,0.23,13,I
PHC3.5,GCTTGGCTTGCCGTTAGGGTAGG,AGG,chr3,169866899,169866921,+,ENSG00000173889,PHC3,0.32,19,M
PHC3.6,ATGGATACTGAACCAAACCCGGG,GGG,chr3,169896682,169896704,-,ENSG00000173889,PHC3,0.18,65,I
PHC3.7,TGGCTGCTGCATTCGAGAGGAGG,AGG,chr3,169896603,169896625,+,ENSG00000173889,PHC3,0.29,35,M
PHF1.1,GACTGATGGGCTGCTATACTTGG,TGG,chr6,33380163,33380185,+,ENSG00000112511,PHF1,0.29,14,M
PHF1.5,CACCAGAGCGGCTCAGCCGGGGG,GGG,chr6,33380052,33380074,-,ENSG00000112511,PHF1,0.25,12,I
PHF1.6,TCTTGACCCTCCCAAAGCCGAGG,AGG,chr6,33380125,33380147,-,ENSG00000112511,PHF1,0.1,10,I
PHF1.7,CAGAGCGACAGACACAACAGAGG,AGG,chr6,33380497,33380519,-,ENSG00000112511,PHF1,0.27,242,M
PHF2.5,GATCGAGTGCGACGCCTGCAAGG,AGG,chr9,96339115,96339137,+,ENSG00000197724,PHF2,0.78,18,P
PHF8.6,GAGTACATGGTACCAGACAGAGG,AGG,chrX,54040813,54040835,+,ENSG00000172943,PHF8,0.62,13,P
PHIP.5,CCGGTCCAGTCGGTGCGCCGGGG,GGG,chr6,79787196,79787218,+,ENSG00000146247,PHIP,0.65,31,P
PHIP.6,GATACTGGTAAACTGACTGGCGG,CGG,chr6,79679781,79679803,-,ENSG00000146247,PHIP,0.26,34,M
PHIP.7,TGGCCGTGAAAATTGCAGGGAGG,AGG,chr6,79711652,79711674,-,ENSG00000146247,PHIP,0.67,15,P
PJA2.6,GAGCTACAAAGTGATAGCAGTGG,TGG,chr5,108704301,108704323,-,ENSG00000198961,PJA2,0.28,36,M
PJA2.7,GTTGGAAAACAGAGAGGCAGAGG,AGG,chr5,108714557,108714579,-,ENSG00000198961,PJA2,0.25,16,I
PKN1.5,CAGCTGCTGCTGTACCCCGGGGG,GGG,chr19,14552016,14552038,-,ENSG00000123143,PKN1,0.12,16,I
POGZ.6,AAGAGTGGCCGGGATGACGGTGG,TGG,chr1,151400753,151400775,+,ENSG00000143442,POGZ,0.29,28,M
POLA1.6,AGAGGAAGTGAAACAAGAGGCGG,CGG,chrX,24735558,24735580,+,ENSG00000101868,POLA1,0.36,25,M
POLA1.7,AAAGCCATCACGACAAGCGGTGG,TGG,chrX,24745988,24746010,-,ENSG00000101868,POLA1,0.21,14,I
POLE.6,GAAGCGCTGCAAGAACATGGAGG,AGG,chr12,133241961,133241983,-,ENSG00000177084,POLE,0.42,12,M
POLE3.7,GGCAATGGCGGAGAGGCCCGAGG,AGG,chr9,116172555,116172577,-,ENSG00000148229,POLE3,0.38,74,M
PRDM8.7,CCGCAGGATTGCCAAAGACGAGG,AGG,chr4,81122575,81122597,+,ENSG00000152784,PRDM8,0.14,21,I
PRKCB.7,ACGGACCACACGGAGCGCCGCGG,CGG,chr16,24046796,24046818,+,ENSG00000166501,PRKCB,0.49,61,M
PRMT1.7,GGAGCTCCCAGTGGAGAAGGTGG,TGG,chr19,50187218,50187240,+,ENSG00000126457,PRMT1,0.24,41,I
PRMT10.5,GGATAACTCACAGGCATACACGG,CGG,chr4,148594226,148594248,+,ENSG00000164169,PRMT10,0.69,29,P
PRMT10.6,GGAGCTGAAACACGACGTGAAGG,AGG,chr4,148604949,148604971,-,ENSG00000164169,PRMT10,0.41,27,M
PRMT2.5,AGTACGACCCCGAGGACACGTGG,TGG,chr21,48064342,48064364,+,ENSG00000160310,PRMT2,0.36,76,M
PRMT2.6,GCTGCTGCAGGTGTACGCGGTGG,TGG,chr21,48069477,48069499,+,ENSG00000160310,PRMT2,0.63,133,P
PRMT3.6,GACACTAGTAGATGACGAGCAGG,AGG,chr11,20419164,20419186,-,ENSG00000185238,PRMT3,0.21,19,I
PRMT3.7,CACCATCCTCATCCTCCTGGAGG,AGG,chr11,20419195,20419217,-,ENSG00000185238,PRMT3,0.41,17,M
PRMT5.5,CAGTAGGTCTGATCGTGTCTGGG,GGG,chr14,23397719,23397741,+,ENSG00000100462,PRMT5,0.17,18,I
PRMT5.6,GATTCGCAGGAACTCCGAGGCGG,CGG,chr14,23397334,23397356,-,ENSG00000100462,PRMT5,0.11,116,I
PRMT5.7,GATGGAAGACAGGCATGCAGAGG,AGG,chr14,23397793,23397815,+,ENSG00000100462,PRMT5,0.26,112,M
PRMT6.6,GAGGGAACTGAAGAGGAAGATGG,TGG,chr1,107599392,107599414,+,ENSG00000198890,PRMT6,0.19,36,I
PRMT6.7,GGTCCGCGATCATCTCCTCGTGG,TGG,chr1,107599505,107599527,-,ENSG00000198890,PRMT6,0.14,93,I
PRMT7.7,GGGGAAGATCAAGTGCACCATGG,TGG,chr16,68373811,68373833,+,ENSG00000132600,PRMT7,0.86,111,P
PRMT8.5,ACATGATGGACGCATTGCACGGG,GGG,chr12,3649820,3649842,-,ENSG00000111218,PRMT8,0.19,21,I
PRMT8.7,GGAGCTGCCTGTGGAGAAGGTGG,TGG,chr12,3677906,3677928,+,ENSG00000111218,PRMT8,0.3,20,M
RAD18.5,ATAGATGATTTGCTGCGGTGTGG,TGG,chr3,9000660,9000682,-,ENSG00000070950,RAD18,0.19,16,I
RAD18.6,CCAGACAGTCTTTAAAGCAGGGG,GGG,chr3,8983368,8983390,-,ENSG00000070950,RAD18,0.23,30,I
RAD21.5,GCAGCCTGCACATGACGATATGG,TGG,chr8,117868906,117868928,-,ENSG00000164754,RAD21,0.2,15,I
RAD21.6,GATCGTGAGATAATGAGAGAAGG,AGG,chr8,117869673,117869695,-,ENSG00000164754,RAD21,0.33,33,M
RAD54L.5,TGATTGGTTAGCTGACTCAAAGG,AGG,chr1,46715741,46715763,-,ENSG00000085999,RAD54L,0.56,18,P
RAD54L.7,GGGAGGCTCATACAGAACCAAGG,AGG,chr1,46725714,46725736,-,ENSG00000085999,RAD54L,0.33,30,M
RAD54L2.7,GAGAGGTTTAAGACCAGCAGTGG,TGG,chr3,51667638,51667660,+,ENSG00000164080,RAD54L2,0.4,10,M
RAG2.6,AACATCAACAGAAGATCCAGGGG,GGG,chr11,36614599,36614621,-,ENSG00000175097,RAG2,0.24,29,I
RAG2.7,AAATCCACCAGGAAAACACAGGG,GGG,chr11,36615159,36615181,+,ENSG00000175097,RAG2,0.3,20,M
RARA.6,GAGGGTGATCTGGTCGGCGATGG,TGG,chr17,38508710,38508732,-,ENSG00000131759,RARA,0.13,69,I
RARA.7,GGGCAGCAGCTGGTTGGCGAAGG,AGG,chr17,38510678,38510700,-,ENSG00000131759,RARA,0.2,20,I
RB1.6,GCTCTGGGTCCTCCTCAGGAGGG,GGG,chr13,48878129,48878151,-,ENSG00000139687,RB1,0.53,30,P
RBBP4.5,ATTGCCGTTACAGACCAGAAGGG,GGG,chr1,33123015,33123037,+,ENSG00000162521,RBBP4,0.74,77,P
RBBP4.6,CACTACGACAGTGAGAAAGGAGG,AGG,chr1,33123152,33123174,+,ENSG00000162521,RBBP4,0.57,60,P
RBBP7.1,TACACCGTTTCTATATGACCTGG,TGG,chrX,16887260,16887282,-,ENSG00000102054,RBBP7,0.2,56,I
RBBP7.5,GAAGAGCATGGGTCATAACCAGG,AGG,chrX,16887242,16887264,+,ENSG00000102054,RBBP7,0.55,98,P
RBBP7.6,CAAGTGACTCGGCTTGGAGGTGG,TGG,chrX,16870956,16870978,+,ENSG00000102054,RBBP7,0.16,31,I
RBBP7.7,ATAAACGCAGGACCAAAAGAAGG,AGG,chrX,16871925,16871947,-,ENSG00000102054,RBBP7,0.48,23,M
RBL2.5,CCGCCTCAACATGGACGAGGCGG,CGG,chr16,53468630,53468652,+,ENSG00000103479,RBL2,0.14,65,I
RBL2.6,GGAGGAGGAGGACGACGGCGAGG,AGG,chr16,53468537,53468559,+,ENSG00000103479,RBL2,0.52,25,P
RBL2.7,CCACCCCTCAGATCCAGCAGCGG,CGG,chr16,53468590,53468612,+,ENSG00000103479,RBL2,0.61,23,P
RBM10.6,CAAGTGACTAAACTCGACGAAGG,AGG,chrX,47034436,47034458,-,ENSG00000182872,RBM10,0.4,10,M
RBM10.7,AAGCAGACCCAACTGAACCGCGG,CGG,chrX,47039386,47039408,+,ENSG00000182872,RBM10,0.68,22,P
RCBTB1.6,AAGCCCAGCACACATCATGGTGG,TGG,chr13,50125472,50125494,-,ENSG00000136144,RCBTB1,0.32,41,M
RCBTB1.7,CAAGTGGTGGAAGTAGCTTGTGG,TGG,chr13,50134091,50134113,-,ENSG00000136144,RCBTB1,0.31,13,M
RCC1.5,GGCCCTGGTATCCATTCCGGAGG,AGG,chr1,28858421,28858443,+,ENSG00000180198,RCC1,0.24,46,I
RCOR2.6,GTGATGGAGAAGCCGAGCGCGGG,GGG,chr11,63683897,63683919,-,ENSG00000167771,RCOR2,0.11,64,I
REST.5,TGCAAGTCATACATGTCGTTAGG,AGG,chr4,57776883,57776905,-,ENSG00000084093,REST,0.38,16,M
REST.6,GGAGGGCTGTTTACCAGCAGTGG,TGG,chr4,57776841,57776863,+,ENSG00000084093,REST,0.32,22,M
REST.7,TTTGCCAGCATAATAAGCTGAGG,AGG,chr4,57776934,57776956,-,ENSG00000084093,REST,0.26,35,M
RING1.5,CCAGAATGCCAGCAAAACGTGGG,GGG,chr6,33176620,33176642,+,ENSG00000204227,RING1,0.35,48,M
RING1.7,GAGGCAACAGCAGGAAGCAGGGG,GGG,chr6,33179581,33179603,+,ENSG00000204227,RING1,0.22,23,I
RNF2.6,AAGATGACAGTGCACAGACGAGG,AGG,chr1,185067455,185067477,+,ENSG00000121481,RNF2,0.21,14,I
RNF20.5,AGAAATGTTGGATCAGCGGCAGG,AGG,chr9,104302532,104302554,+,ENSG00000155827,RNF20,0.2,10,I
RNF20.6,TTATCCCGGAAGCTAAACAGTGG,TGG,chr9,104303233,104303255,+,ENSG00000155827,RNF20,0.19,36,I
RNF20.7,ACTTCGGCAAGACTTTGAGGAGG,AGG,chr9,104309752,104309774,+,ENSG00000155827,RNF20,0.25,12,I
RNF40.6,AGAGCGGCTGGAACAACGGCAGG,AGG,chr16,30774486,30774508,+,ENSG00000103549,RNF40,0.2,25,I
RPA3.5,TGGACATGATGGACTTGCCCAGG,AGG,chr7,7680023,7680045,-,ENSG00000106399,RPA3,0.18,11,I
RSF1.7,GATGACATCAAAGAAGCCGATGG,TGG,chr11,77389136,77389158,-,ENSG00000048649,RSF1,0.2,10,I
RUVBL1.4,CGAGAGCGGCTTGGCCAAGCAGG,AGG,chr3,127842465,127842487,-,ENSG00000175792,RUVBL1,0.27,30,M
SATB1.6,GCATCTGTCACGTAAGACAGTGG,TGG,chr3,18457571,18457593,+,ENSG00000182568,SATB1,0.36,11,M
SATB1.7,GCCATGGGAGAGCTGCGCAGGGG,GGG,chr3,18436287,18436309,+,ENSG00000182568,SATB1,0.15,13,I
SATB2.6,AGAGCTGTGAGAATACCCCAGGG,GGG,chr2,200298077,200298099,+,ENSG00000119042,SATB2,0.76,109,P
SATB2.7,GGGGAAGGTTCAGGAAGCGACGG,CGG,chr2,200173578,200173600,+,ENSG00000119042,SATB2,0.18,17,I
SCMH1.6,AGAGTTTCTCCAGGAAGCGGAGG,AGG,chr1,41512187,41512209,+,ENSG00000010803,SCMH1,0.14,14,I
SCMH1.7,AGCCTGCTGCAACACCACAGAGG,AGG,chr1,41514447,41514469,+,ENSG00000010803,SCMH1,0.5,32,M
SETD1A.5,TAGCGGTACACCTTCTGAGAAGG,AGG,chr16,30970155,30970177,-,ENSG00000099381,SETD1A,0.09,11,I
SETD2.7,AGAACAGCCAGATAAAACAGTGG,TGG,chr3,47125260,47125282,-,ENSG00000181555,SETD2,0.35,23,M
SETD6.6,TCAGCTCCAGCCCCACCCGCCGG,CGG,chr16,58549754,58549776,-,ENSG00000103037,SETD6,0.25,12,I
SETD6.7,GCAGGCCAGAGGAGGAGCGCCGG,CGG,chr16,58550378,58550400,+,ENSG00000103037,SETD6,0.06,36,I
SETD7.1,GGATAGCGACGACGAGATGGTGG,TGG,chr4,140477267,140477289,-,ENSG00000145391,SETD7,0.14,49,I
SETD7.5,GACGATGACGGATTACCGCACGG,CGG,chr4,140468173,140468195,-,ENSG00000145391,SETD7,0.7,82,P
SETD7.6,TTCACGGAGAAAAGAACGGACGG,CGG,chr4,140468100,140468122,-,ENSG00000145391,SETD7,0.14,14,I
SETD7.7,GATGATGCCTTGCAGGGCCAGGG,GGG,chr4,140454476,140454498,-,ENSG00000145391,SETD7,0.56,18,P
SETDB1.5,TGAGGAACTGGGTATCTCTATGG,TGG,chr1,150900280,150900302,+,ENSG00000143379,SETDB1,0.4,25,M
SETDB1.6,GGATGCAGCAACAGCTACAGTGG,TGG,chr1,150900220,150900242,+,ENSG00000143379,SETDB1,0.15,20,I
SETMAR.5,CGGAAGCGGCAAAGACGACACGG,CGG,chr3,4345062,4345084,+,ENSG00000170364,SETMAR,0.5,10,M
SHPRH.7,GATGGGTCTTGGAAAGACAGTGG,TGG,chr6,146268697,146268719,-,ENSG00000146414,SHPRH,0.11,18,I
SIRT1.5,TACCCAGAACATAGACACGCTGG,TGG,chr10,69666633,69666655,+,ENSG00000096717,SIRT1,0.26,27,M
SIRT1.6,GAGTCTTCTGAAACATGAAGAGG,AGG,chr10,69672464,69672486,-,ENSG00000096717,SIRT1,0.08,36,I
SIRT1.7,ACAATCACTGAAGAATCTGGTGG,TGG,chr10,69672509,69672531,-,ENSG00000096717,SIRT1,0.14,14,I
SIRT3.5,TCTACACGCAGAACATCGATGGG,GGG,chr11,232993,233015,-,ENSG00000142082,SIRT3,0.11,28,I
SIRT5.6,CCACTAGACATAAATCACAGTGG,TGG,chr6,13599366,13599388,-,ENSG00000124523,SIRT5,0.54,26,P
SIRT6.6,CAGACGCGCTCACCTCCGGGAGG,AGG,chr19,4182458,4182480,+,ENSG00000077463,SIRT6,0.4,25,M
SIRT7.7,GCAGGTGTGCGACGACCCGGAGG,AGG,chr17,79875577,79875599,-,ENSG00000187531,SIRT7,0.53,19,P
SMARCA1.5,CTCTATGACCACGATAGTGGCGG,CGG,chrX,128657273,128657295,+,ENSG00000102038,SMARCA1,0.17,12,I
SMARCA1.7,GGAGCAGGACACTGCCGCAGTGG,TGG,chrX,128657323,128657345,-,ENSG00000102038,SMARCA1,0.4,10,M
SMARCA2.6,GGATGAAAGCAATGAAGAGGAGG,AGG,chr9,2186173,2186195,+,ENSG00000080503,SMARCA2,0.24,21,I
SMARCA4.6,GGCATGCTCAGAGCCACCCAGGG,GGG,chr19,11096877,11096899,-,ENSG00000127616,SMARCA4,0.38,68,M
SMARCA4.7,AAGAAGCTCAAATTTACCCGAGG,AGG,chr19,11138477,11138499,-,ENSG00000127616,SMARCA4,0.2,30,I
SMARCA5.6,GGGAGCAACAGCAGCAACAAAGG,AGG,chr4,144435159,144435181,+,ENSG00000153147,SMARCA5,0.26,19,M
SMARCB1.6,GAGAACCTCGGAACATACGGAGG,AGG,chr22,24133954,24133976,-,ENSG00000099956,SMARCB1,0.2,15,I
SMARCC1.5,AGACCCGCACCGAATCCAGCTGG,TGG,chr3,47823116,47823138,+,ENSG00000173473,SMARCC1,0.5,12,M
SMARCC1.6,GAATGAGGAGGATTATGAGGTGG,TGG,chr3,47752229,47752251,-,ENSG00000173473,SMARCC1,0.08,24,I
SMARCC2.6,GTGTTCATGCCATTGAGCGGAGG,AGG,chr12,56571856,56571878,-,ENSG00000139613,SMARCC2,0.18,17,I
SMARCC2.7,GGAAGTGCTGAAGGAAGTGGTGG,TGG,chr12,56563417,56563439,-,ENSG00000139613,SMARCC2,0.15,27,I
SMARCD1.6,GAAACGGCTAGATATCCAAGAGG,AGG,chr12,50480619,50480641,+,ENSG00000066117,SMARCD1,0.78,91,P
SMARCD2.1,CCGCCGCCAGGGCTTAGCGGGGG,GGG,chr17,61919979,61920001,+,ENSG00000108604,SMARCD2,0.08,13,I
SMARCD2.6,CAAGCGGATGGAGATCCAGGAGG,AGG,chr17,61914302,61914324,-,ENSG00000108604,SMARCD2,0.33,177,M
SMARCD2.7,CGGGCCTGACAATCACCTGGTGG,TGG,chr17,61912067,61912089,-,ENSG00000108604,SMARCD2,0.22,99,I
SMARCD3.6,GAAGCGGGTGGACATCCAGGAGG,AGG,chr7,150939827,150939849,-,ENSG00000082014,SMARCD3,0.31,91,M
SMARCD3.7,TAAACCAGCTCAAGATCCAGAGG,AGG,chr7,150936788,150936810,-,ENSG00000082014,SMARCD3,0.2,30,I
SMARCE1.6,GTGGTTTCTCTGGAAACGGGCGG,CGG,chr17,38788561,38788583,+,ENSG00000073584,SMARCE1,0.32,28,M
SMARCE1.7,GAAGAACAAGCAGCTAACAAAGG,AGG,chr17,38787007,38787029,-,ENSG00000073584,SMARCE1,0.36,14,M
SMC1A.6,GAAGCGGATTGAGAAACTGGAGG,AGG,chrX,53436371,53436393,-,ENSG00000072501,SMC1A,0.32,25,M
SMC2.5,GCTCAGAGGACCGAAGTCAATGG,TGG,chr9,106857708,106857730,+,ENSG00000136824,SMC2,0.07,14,I
SMC2.6,AAAGCCTTTTGGAAAAGCGCAGG,AGG,chr9,106876257,106876279,+,ENSG00000136824,SMC2,0.18,11,I
SMC2.7,GAATCAAAGAGAATGAGCTGCGG,CGG,chr9,106882377,106882399,+,ENSG00000136824,SMC2,0.13,31,I
SMC3.2,TCTTCGTCCAGAACAGCGGTTGG,TGG,chr10,112335128,112335150,+,ENSG00000108055,SMC3,0.31,16,M
SMC3.6,GACAAGAGCAGATTAAGCAGAGG,AGG,chr10,112343221,112343243,+,ENSG00000108055,SMC3,0.21,80,I
SMC3.7,GGATGCAAGAGATAAAATGGAGG,AGG,chr10,112342379,112342401,+,ENSG00000108055,SMC3,0.59,22,P
SMC4.1,CTCTCCGTGCGGCCGGACGGCGG,CGG,chr3,160118714,160118736,-,ENSG00000113810,SMC4,0.15,20,I
SMC4.2,TGACGGCGCCAGCAGCGACGCGG,CGG,chr3,160118683,160118705,+,ENSG00000113810,SMC4,0.12,77,I
SMC4.5,GGGCTCTCCGTGCGGCCGGACGG,CGG,chr3,160118717,160118739,-,ENSG00000113810,SMC4,0.44,16,M
SMC4.6,GGGTCACTCACCTGCGGCGGTGG,TGG,chr3,160118742,160118764,-,ENSG00000113810,SMC4,0.36,11,M
SMC4.7,GAACTTCAAATCCTATGCTGGGG,GGG,chr3,160119833,160119855,+,ENSG00000113810,SMC4,0.37,113,M
SMC5.6,GGCCCGGACGACTGCAACAGCGG,CGG,chr9,72874112,72874134,-,ENSG00000198887,SMC5,0.42,81,M
SMC6.5,TATAGAGTTACCATACACACTGG,TGG,chr2,17913069,17913091,+,ENSG00000163029,SMC6,0.35,127,M
SMC6.6,GCAGATACATCAAGGAGAAGAGG,AGG,chr2,17906523,17906545,-,ENSG00000163029,SMC6,0.33,15,M
SMCHD1.5,CGAAAAGGAGTCCGAGCTCGGGG,GGG,chr18,2656176,2656198,+,ENSG00000101596,SMCHD1,0.12,16,I
SMCHD1.6,AGACTGGCCAGAACTAAAGGAGG,AGG,chr18,2743905,2743927,+,ENSG00000101596,SMCHD1,0.34,105,M
SMYD1.6,AGGGAGAATGGAGAACGTGGAGG,AGG,chr2,88367392,88367414,+,ENSG00000115593,SMYD1,0.28,46,M
SMYD2.2,TGGTGAAGCAGTACTCGCAGTGG,TGG,chr1,214454747,214454769,-,ENSG00000143499,SMYD2,0.24,33,I
SMYD2.6,GATGCTTGGAGTAAAAGTGATGG,TGG,chr1,214492260,214492282,-,ENSG00000143499,SMYD2,0.2,74,I
SMYD2.7,GGAAATCAAGCCGGGAGAGGAGG,AGG,chr1,214501046,214501068,+,ENSG00000143499,SMYD2,0.24,33,I
SMYD3.5,AGAAGTCGAACGGAGTCTGGAGG,AGG,chr1,246498691,246498713,+,ENSG00000185420,SMYD3,0.24,25,I
SMYD3.7,GGAGCGCCGGAAGCAGCTGAGGG,GGG,chr1,246078882,246078904,-,ENSG00000185420,SMYD3,0.23,22,I
SMYD4.5,ACATTCAAGGCCTAACACTGAGG,AGG,chr17,1707979,1708001,-,ENSG00000186532,SMYD4,0.4,78,M
SMYD4.7,CCTGTGGGCAGAGCACGCCGTGG,TGG,chr17,1686699,1686721,-,ENSG00000186532,SMYD4,0.21,34,I
SMYD5.6,AGAAACTGTGCAGCCACCAGGGG,GGG,chr2,73446049,73446071,-,ENSG00000135632,SMYD5,0.27,15,M
SRCAP.5,CCTGTTCTGCAATTTCGGCATGG,TGG,chr16,30715606,30715628,-,ENSG00000080603,SRCAP,0.09,11,I
SRCAP.6,GAAGTTGAAGAACAACAGGAAGG,AGG,chr16,30721225,30721247,+,ENSG00000080603,SRCAP,0.6,42,P
SRF.2,GATCACCAGTGAGACCGGCAAGG,AGG,chr6,43141686,43141708,+,ENSG00000112658,SRF,0.18,153,I
SRF.5,GTTGTGGGGTCTGAACGGGGTGG,TGG,chr6,43141744,43141766,-,ENSG00000112658,SRF,0.43,134,M
SS18L1.5,CACGCGGGACCCGCCTCGCAGGG,GGG,chr20,60737891,60737913,+,ENSG00000184402,SS18L1,0.31,16,M
SS18L1.6,GGTACCAGCAGATCCTGCACCGG,CGG,chr20,60734932,60734954,+,ENSG00000184402,SS18L1,0.26,238,M
SSRP1.1,GTTCAACGACGTCTATCAGGAGG,AGG,chr11,57102556,57102578,-,ENSG00000149136,SSRP1,0.09,146,I
SSRP1.5,CGACTGAGGTTGAGCCGTCAGGG,GGG,chr11,57102091,57102113,-,ENSG00000149136,SSRP1,0.11,27,I
SSRP1.6,CCACCAAAACGATGACGCAGAGG,AGG,chr11,57100498,57100520,-,ENSG00000149136,SSRP1,0.12,24,I
SSRP1.7,GGGGAAGCCTCACCTCAACAGGG,GGG,chr11,57100420,57100442,+,ENSG00000149136,SSRP1,0.64,14,P
STAG1.7,GAAGAGAGCCAATGAAAGGTTGG,TGG,chr3,136221496,136221518,-,ENSG00000118007,STAG1,0.17,12,I
STAG2.5,ATTCGGTTTGGACCAGAAGGAGG,AGG,chrX,123164874,123164896,-,ENSG00000101972,STAG2,0.35,31,M
STAG2.6,GGCAAAGGTGGAAATGGAGGAGG,AGG,chrX,123164847,123164869,+,ENSG00000101972,STAG2,0.19,16,I
STAG2.7,GGGCTCTCTCATAATAGTGGAGG,AGG,chrX,123224512,123224534,-,ENSG00000101972,STAG2,0.26,35,M
SUDS3.6,GAGGCGACATGAGTGCCGCGGGG,GGG,chr12,118814489,118814511,+,ENSG00000111707,SUDS3,0.48,25,M
SUDS3.7,TGAAGAGCTGGAGAGCGCCGAGG,AGG,chr12,118814577,118814599,+,ENSG00000111707,SUDS3,0.3,10,M
SUPT6H.6,GGAATACGATGAATCAGCCGAGG,AGG,chr17,27016459,27016481,+,ENSG00000109111,SUPT6H,0.2,10,I
SUV39H2.7,AGTGAAGAAGCTGAAAGACGAGG,AGG,chr10,14941547,14941569,+,ENSG00000152455,SUV39H2,0.48,25,M
SUV420H1.5,TTGATAACAGGAGCAGGCGCAGG,AGG,chr11,67934586,67934608,+,ENSG00000110066,SUV420H1,0.57,54,P
SUV420H1.7,GTGAATGGCAGGAGAAATGGAGG,AGG,chr11,67957488,67957510,-,ENSG00000110066,SUV420H1,0.56,32,P
SUZ12.6,CGGCAGTTCAGAGTACACCAAGG,AGG,chr17,30320941,30320963,-,ENSG00000178691,SUZ12,0.81,21,P
SUZ12.7,GGAGACTATTCTTGATGGGAAGG,AGG,chr17,30310102,30310124,+,ENSG00000178691,SUZ12,0.2,10,I
TADA2A.6,GCTGAACCTGAAACAAGCAGAGG,AGG,chr17,35800705,35800727,+,ENSG00000108264,TADA2A,0.17,52,I
TADA2A.7,GAGGAGCAGCCTCGGCAAGGTGG,TGG,chr17,35783626,35783648,-,ENSG00000108264,TADA2A,0.71,14,P
TAF1.7,TAGGAGTACAGAAGATGCTGTGG,TGG,chrX,70587911,70587933,+,ENSG00000147133,TAF1,0.45,130,M
TAF5.6,GGAGGAGCAGACGGAGGTGGCGG,CGG,chr10,105127761,105127783,+,ENSG00000148835,TAF5,0.29,17,M
TAF6L.5,TGAGCCGGACAGACTCCCGAGGG,GGG,chr11,62543291,62543313,-,ENSG00000162227,TAF6L,0.24,99,I
TAF6L.7,GGATCGAGAGGTGAACCTGGTGG,TGG,chr11,62545524,62545546,+,ENSG00000162227,TAF6L,0.34,38,M
TBL1XR1.6,AGGTTATGGGATGTAGACCGAGG,AGG,chr3,176750880,176750902,-,ENSG00000177565,TBL1XR1,0.5,20,M
TET1.6,GAGACATTGAATGATACCAGTGG,TGG,chr10,70332786,70332808,+,ENSG00000138336,TET1,0.2,30,I
TET2.5,TTATGGAATACCCTGTATGAAGG,AGG,chr4,106155279,106155301,+,ENSG00000168769,TET2,0.44,16,M
TET2.7,GAAGGAAGCTGAGGAACCTGTGG,TGG,chr4,106156336,106156358,-,ENSG00000168769,TET2,0.31,13,M
TET3.6,GAGGCTGGGAACAACAGCAGGGG,GGG,chr2,74273735,74273757,+,ENSG00000187605,TET3,0.26,23,M
TET3.7,CAGGCCATGAGGGAGCCCGGAGG,AGG,chr2,74274244,74274266,-,ENSG00000187605,TET3,0.52,21,P
TIMELESS.6,GAGATGTGCGGCAGCAGCTGGGG,GGG,chr12,56827640,56827662,-,ENSG00000111602,TIMELESS,0.36,44,M
TIMELESS.7,CTAGAACCCCGAGCAGCTGGCGG,CGG,chr12,56825370,56825392,-,ENSG00000111602,TIMELESS,0.47,15,M
TIPIN.5,TCTTCAACCGTGTGTGCCCTGGG,GGG,chr15,66629480,66629502,+,ENSG00000075131,TIPIN,0.31,13,M
TIPIN.6,GAAGGAACTGAGCCTGATGAAGG,AGG,chr15,66645152,66645174,-,ENSG00000075131,TIPIN,0.42,79,M
TMPO.6,GAAGAAGAAATTGTTGGCAGAGG,AGG,chr12,98925532,98925554,-,ENSG00000120802,TMPO,0.27,26,M
TMPO.7,GGAGTTCCTGGAAGACCCCTCGG,CGG,chr12,98909651,98909673,+,ENSG00000120802,TMPO,0.39,36,M
TNP1.6,CACAAGGGAGTCAAGAGAGGTGG,TGG,chr2,217724675,217724697,-,ENSG00000118245,TNP1,0.17,12,I
TNP2.5,TCTGGCTCCGGCTGCCACGATGG,TGG,chr16,11362978,11363000,+,ENSG00000178279,TNP2,0.23,31,I
TOP2B.6,ATGCTGCTGACAATAAACAGAGG,AGG,chr3,25683851,25683873,-,ENSG00000077097,TOP2B,0.69,13,P
TOP2B.7,AAAGTGATGGCCAATTGTGATGG,TGG,chr3,25670570,25670592,+,ENSG00000077097,TOP2B,0.36,11,M
TP53.1,TCCTCAGCATCTTATCCGAGTGG,TGG,chr17,7578257,7578279,-,ENSG00000141510,TP53,0.23,44,I
TP53.6,GAAGGGACAGAAGATGACAGGGG,GGG,chr17,7579391,7579413,+,ENSG00000141510,TP53,0.33,27,M
TP53.7,GCAGTCACAGCACATGACGGAGG,AGG,chr17,7578416,7578438,-,ENSG00000141510,TP53,0.24,21,I
TP53BP1.1,AACGAGGAGACGGTAATAGTGGG,GGG,chr15,43784234,43784256,-,ENSG00000067369,TP53BP1,0.12,25,I
TP53BP1.6,GCAGCTAAGCTCAGATGCAGAGG,AGG,chr15,43748150,43748172,-,ENSG00000067369,TP53BP1,0.24,67,I
TP53BP1.7,GAGGAGGCCCAGGAAAACTGAGG,AGG,chr15,43714052,43714074,-,ENSG00000067369,TP53BP1,0.32,50,M
TP63.1,AGGGTCAGGGCAGTACTGTAGGG,GGG,chr3,189349333,189349355,-,ENSG00000073282,TP63,0.72,25,P
TP63.6,GTAGTCGGTGTTGGAGGGGATGG,TGG,chr3,189526227,189526249,-,ENSG00000073282,TP63,0.14,14,I
TP63.7,AAAAGCTGAGCACGTCACGGAGG,AGG,chr3,189582137,189582159,+,ENSG00000073282,TP63,0.53,19,P
TP73.1,GGGGCAGCGTTTCACGACGTCGG,CGG,chr1,3638718,3638740,-,ENSG00000078900,TP73,0.43,14,M
TP73.5,GCTGCCCCAACCACGAGCTCGGG,GGG,chr1,3638733,3638755,+,ENSG00000078900,TP73,0.14,14,I
TP73.6,GTGCCGGTGTGAAGAAGCGGCGG,CGG,chr1,3644729,3644751,+,ENSG00000078900,TP73,0.25,77,I
TP73.7,GGAAAGTGACCTCAAAGTGGTGG,TGG,chr1,3624298,3624320,-,ENSG00000078900,TP73,0.09,11,I
TRIM24.1,ACACGGCGCAAGTGTCCAACAGG,AGG,chr7,138145446,138145468,-,ENSG00000122779,TRIM24,0.5,18,M
TRIM24.6,CAAGGGCAGGACAATGGAGGTGG,TGG,chr7,138145281,138145303,+,ENSG00000122779,TRIM24,0.24,17,I
TRIM28.6,CCAGCGGGTGAAGTACACCAAGG,AGG,chr19,59057220,59057242,+,ENSG00000130726,TRIM28,0.47,98,M
TRIM33.6,TGTGCTGTCTGCCAAAACGGAGG,AGG,chr1,114948110,114948132,-,ENSG00000197323,TRIM33,0.34,58,M
TRIM66.5,TTGCCATAGCTGCCTAGTGGTGG,TGG,chr11,8669979,8670001,-,ENSG00000166436,TRIM66,0.38,21,M
UBE2A.6,GTCTTCCCGAAGGTTGCAGGAGG,AGG,chrX,118708852,118708874,+,ENSG00000077721,UBE2A,0.33,18,M
UBE2B.5,GGTGCGCCACTGACACCCACAGG,AGG,chr5,133710090,133710112,-,ENSG00000119048,UBE2B,0.41,22,M
UBE2B.6,CTGAAAACAACATCATGCAGTGG,TGG,chr5,133710115,133710137,+,ENSG00000119048,UBE2B,0.2,10,I
UBTF.5,CATGTGCAAGCTCAAATGGGTGG,TGG,chr17,42293911,42293933,-,ENSG00000108312,UBTF,0.7,67,P
UCHL5.6,CGCCTAAATGGACATCCTGGTGG,TGG,chr1,192998709,192998731,+,ENSG00000116750,UCHL5,0.3,10,M
UHRF1.6,GATCCAGGAGCTGTTCCACGTGG,TGG,chr19,4910990,4911012,+,ENSG00000034063,UHRF1,0.38,47,M
UHRF1.7,CGGGAGGCAGACCCACACGGTGG,TGG,chr19,4910924,4910946,+,ENSG00000034063,UHRF1,0.52,44,P
UHRF2.6,CTAAAGTAAAGAAAGCTCCGAGG,AGG,chr9,6421048,6421070,+,ENSG00000147854,UHRF2,0.44,41,M
UHRF2.7,GTAGAAAGTCCTGGACAAAGAGG,AGG,chr9,6460688,6460710,+,ENSG00000147854,UHRF2,0.74,23,P
UPF1.6,CCAGCCAGGACAGGAAGCAGCGG,CGG,chr19,18961572,18961594,-,ENSG00000005007,UPF1,0.19,21,I
USP3.1,CAGGACGACGGGGAGCCGTTGGG,GGG,chr15,63796996,63797018,-,ENSG00000140455,USP3,0.39,23,M
USP3.3,GTCCGGAGCAATGCAGACGCTGG,TGG,chr15,63796961,63796983,-,ENSG00000140455,USP3,0.13,23,I
USP3.6,GCTGCAGCACCAGGACGACGGGG,GGG,chr15,63797006,63797028,-,ENSG00000140455,USP3,0.28,36,M
USP3.7,GAACAAGTCAAACAGACCCAAGG,AGG,chr15,63824866,63824888,-,ENSG00000140455,USP3,0.32,74,M
UTY.5,AGCGAGCCGCGAGAGTGAAGAGG,AGG,chrY,15591446,15591468,-,ENSG00000183878,UTY,0.21,28,I
WDR11.6,GATACAGGTTAAATGGGCCAGGG,GGG,chr10,122618148,122618170,+,ENSG00000120008,WDR11,0.13,15,I
WDR11.7,GGATAGCAAGCAGTAAATCGCGG,CGG,chr10,122619652,122619674,-,ENSG00000120008,WDR11,0.44,36,M
WHSC1L1.5,GGATACCCATTTGTGAGTGGAGG,AGG,chr8,38205469,38205491,+,ENSG00000147548,WHSC1L1,0.14,133,I
WHSC1L1.6,GGTACCGAAGGAGGAGGTGGTGG,TGG,chr8,38205271,38205293,+,ENSG00000147548,WHSC1L1,0.33,15,M
WHSC1L1.7,TTAGTATGAACCTCAAGCTGGGG,GGG,chr8,38194837,38194859,+,ENSG00000147548,WHSC1L1,0.32,41,M
YEATS4.6,AAGATGGGCACACTCATCAGTGG,TGG,chr12,69756635,69756657,+,ENSG00000127337,YEATS4,0.65,17,P
ZBTB33.5,TGTGGAAGACCGAAAATTCCGGG,GGG,chrX,119387381,119387403,+,ENSG00000177485,ZBTB33,0.25,12,I
ZBTB33.6,AAACAAGGCCAATGAAGAGGAGG,AGG,chrX,119388239,119388261,+,ENSG00000177485,ZBTB33,0.48,31,M
ZMYND11.6,AGCTAAGCTCAGCTGACGGGTGG,TGG,chr10,255867,255889,-,ENSG00000015171,ZMYND11,0.25,24,I
ZMYND11.7,GGATCACAAATTACCTCTGGTGG,TGG,chr10,288071,288093,-,ENSG00000015171,ZMYND11,0.1,29,I
ZMYND8.1,TTCCAATGGCCACTCGCCGCAGG,AGG,chr20,45938868,45938890,-,ENSG00000101040,ZMYND8,0.72,29,P
ZMYND8.4,CACTTAGCGTGATAAACCCGGGG,GGG,chr20,45927525,45927547,+,ENSG00000101040,ZMYND8,0.26,90,M
ZMYND8.5,CCCTGTTGATGTTGTACCGCAGG,AGG,chr20,45927616,45927638,-,ENSG00000101040,ZMYND8,0.14,37,I
ZMYND8.6,CAAGATAGACAAGCAGGAGAAGG,AGG,chr20,45905289,45905311,-,ENSG00000101040,ZMYND8,0.55,56,P
ZMYND8.7,TATCCGACAAGGAAATCCGGCGG,CGG,chr20,45905193,45905215,+,ENSG00000101040,ZMYND8,0.28,76,M
